{
    "layers.28.self_attn.q_proj.weight": {
        "size": [
            4096,
            4096
        ],
        "max_weight": 0.62890625,
        "min_weight": -0.76953125,
        "mean_weight": 2.057550091194571e-06,
        "max_singular_value": 12.76785945892334,
        "min_singular_value_90": 0.6446694135665894,
        "sum_singular_values_90": 4080.9567269682884,
        "num_rank_90": 2592,
        "rank90_ratio": 0.6328125,
        "compression_factor": 0.5,
        "top_r": 1024,
        "avg_p1_error": 0.009111939929425716,
        "relative_p1_error": 53.50832529203002,
        "p2_error": 47.30461120605469
    },
    "layers.28.self_attn.k_proj.weight": {
        "size": [
            4096,
            4096
        ],
        "max_weight": 0.322265625,
        "min_weight": -0.369140625,
        "mean_weight": -9.976766705221962e-06,
        "max_singular_value": 13.521042823791504,
        "min_singular_value_90": 0.6629496216773987,
        "sum_singular_values_90": 4166.020840287209,
        "num_rank_90": 2607,
        "rank90_ratio": 0.636474609375,
        "compression_factor": 0.5,
        "top_r": 1024,
        "avg_p1_error": 0.009419768117368221,
        "relative_p1_error": 54.67996399503715,
        "p2_error": 48.857460021972656
    },
    "layers.28.self_attn.v_proj.weight": {
        "size": [
            4096,
            4096
        ],
        "max_weight": 0.1669921875,
        "min_weight": -0.1630859375,
        "mean_weight": -1.0751427907962352e-06,
        "max_singular_value": 3.6919076442718506,
        "min_singular_value_90": 0.6643015742301941,
        "sum_singular_values_90": 4034.86799544096,
        "num_rank_90": 2723,
        "rank90_ratio": 0.664794921875,
        "compression_factor": 0.5,
        "top_r": 1024,
        "avg_p1_error": 0.009698749519884586,
        "relative_p1_error": 60.101376370437606,
        "p2_error": 49.879215240478516
    },
    "layers.28.self_attn.o_proj.weight": {
        "size": [
            4096,
            4096
        ],
        "max_weight": 0.390625,
        "min_weight": -0.78125,
        "mean_weight": 1.5617433746228926e-06,
        "max_singular_value": 6.08236026763916,
        "min_singular_value_90": 0.6522610187530518,
        "sum_singular_values_90": 3992.5974772572517,
        "num_rank_90": 2713,
        "rank90_ratio": 0.662353515625,
        "compression_factor": 0.5,
        "top_r": 1024,
        "avg_p1_error": 0.009512259624898434,
        "relative_p1_error": 59.186957732107636,
        "p2_error": 48.930702209472656
    },
    "layers.28.mlp.gate_proj.weight": {
        "size": [
            11008,
            4096
        ],
        "max_weight": 0.287109375,
        "min_weight": -0.3984375,
        "mean_weight": -2.0639336639760586e-07,
        "max_singular_value": 11.481887817382812,
        "min_singular_value_90": 1.2317547798156738,
        "sum_singular_values_90": 7204.330281019211,
        "num_rank_90": 3298,
        "rank90_ratio": 0.80517578125,
        "compression_factor": 0.5,
        "top_r": 1492,
        "avg_p1_error": 0.009255028329789639,
        "relative_p1_error": 58.442642763088635,
        "p2_error": 78.0266342163086
    },
    "layers.28.mlp.up_proj.weight": {
        "size": [
            11008,
            4096
        ],
        "max_weight": 0.279296875,
        "min_weight": -0.376953125,
        "mean_weight": -2.807175405905582e-06,
        "max_singular_value": 9.042811393737793,
        "min_singular_value_90": 1.1971135139465332,
        "sum_singular_values_90": 6891.038160324097,
        "num_rank_90": 3315,
        "rank90_ratio": 0.809326171875,
        "compression_factor": 0.5,
        "top_r": 1492,
        "avg_p1_error": 0.00900093000382185,
        "relative_p1_error": 59.48195109822206,
        "p2_error": 75.81546783447266
    },
    "layers.28.mlp.down_proj.weight": {
        "size": [
            4096,
            11008
        ],
        "max_weight": 0.56640625,
        "min_weight": -1.0,
        "mean_weight": -1.1943965319005656e-06,
        "max_singular_value": 4.942698955535889,
        "min_singular_value_90": 1.1754696369171143,
        "sum_singular_values_90": 6816.256232976913,
        "num_rank_90": 3306,
        "rank90_ratio": 0.80712890625,
        "compression_factor": 0.5,
        "top_r": 1492,
        "avg_p1_error": 0.008836190216243267,
        "relative_p1_error": 58.908923629459764,
        "p2_error": 74.46107482910156
    },
    "layers.29.self_attn.q_proj.weight": {
        "size": [
            4096,
            4096
        ],
        "max_weight": 0.81640625,
        "min_weight": -0.7421875,
        "mean_weight": 2.470821073075058e-06,
        "max_singular_value": 13.283495903015137,
        "min_singular_value_90": 0.595421314239502,
        "sum_singular_values_90": 3849.8684411644936,
        "num_rank_90": 2548,
        "rank90_ratio": 0.6220703125,
        "compression_factor": 0.5,
        "top_r": 1024,
        "avg_p1_error": 0.008309949189424515,
        "relative_p1_error": 50.47132072978577,
        "p2_error": 43.20225524902344
    },
    "layers.29.self_attn.k_proj.weight": {
        "size": [
            4096,
            4096
        ],
        "max_weight": 0.328125,
        "min_weight": -0.3671875,
        "mean_weight": -3.2432799343951046e-06,
        "max_singular_value": 14.180398941040039,
        "min_singular_value_90": 0.6084287762641907,
        "sum_singular_values_90": 3921.8765285015106,
        "num_rank_90": 2561,
        "rank90_ratio": 0.625244140625,
        "compression_factor": 0.5,
        "top_r": 1024,
        "avg_p1_error": 0.00854518823325634,
        "relative_p1_error": 51.51126144940971,
        "p2_error": 44.38589096069336
    },
    "layers.29.self_attn.v_proj.weight": {
        "size": [
            4096,
            4096
        ],
        "max_weight": 0.1240234375,
        "min_weight": -0.130859375,
        "mean_weight": 2.3285292627406307e-07,
        "max_singular_value": 4.772663593292236,
        "min_singular_value_90": 0.6592325568199158,
        "sum_singular_values_90": 4030.251043319702,
        "num_rank_90": 2711,
        "rank90_ratio": 0.661865234375,
        "compression_factor": 0.5,
        "top_r": 1024,
        "avg_p1_error": 0.009620551019906998,
        "relative_p1_error": 59.285374527897325,
        "p2_error": 49.494834899902344
    },
    "layers.29.self_attn.o_proj.weight": {
        "size": [
            4096,
            4096
        ],
        "max_weight": 0.6328125,
        "min_weight": -0.5859375,
        "mean_weight": -8.717272521607811e-07,
        "max_singular_value": 6.856410026550293,
        "min_singular_value_90": 0.667652428150177,
        "sum_singular_values_90": 4056.85600733757,
        "num_rank_90": 2722,
        "rank90_ratio": 0.66455078125,
        "compression_factor": 0.5,
        "top_r": 1024,
        "avg_p1_error": 0.009758062660694122,
        "relative_p1_error": 59.93314804785573,
        "p2_error": 50.15303421020508
    },
    "layers.29.mlp.gate_proj.weight": {
        "size": [
            11008,
            4096
        ],
        "max_weight": 0.46484375,
        "min_weight": -0.384765625,
        "mean_weight": -1.2868611065641744e-06,
        "max_singular_value": 12.056812286376953,
        "min_singular_value_90": 1.2333980798721313,
        "sum_singular_values_90": 7219.138113737106,
        "num_rank_90": 3300,
        "rank90_ratio": 0.8056640625,
        "compression_factor": 0.5,
        "top_r": 1492,
        "avg_p1_error": 0.009272291325032711,
        "relative_p1_error": 58.55312706686093,
        "p2_error": 78.185791015625
    },
    "layers.29.mlp.up_proj.weight": {
        "size": [
            11008,
            4096
        ],
        "max_weight": 0.546875,
        "min_weight": -0.51171875,
        "mean_weight": -4.699329849700007e-07,
        "max_singular_value": 11.305863380432129,