{
    "layers.0.self_attn.q_proj.weight": {
        "size": [
            4096,
            4096
        ],
        "max_weight": 0.72265625,
        "min_weight": -0.7734375,
        "mean_weight": -3.0185710784280673e-06,
        "max_singular_value": 21.830995559692383,
        "min_singular_value_90": 0.11969555169343948,
        "sum_singular_values_90": 815.2878287434578,
        "num_rank_90": 1104,
        "rank90_ratio": 0.26953125,
        "compression_factor": 0.5,
        "top_r": 1024,
        "avg_p1_error": 0.00048159193829633296,
        "relative_p1_error": 6.605708190047214,
        "p2_error": 2.6026268005371094
    },
    "layers.0.self_attn.k_proj.weight": {
        "size": [
            4096,
            4096
        ],
        "max_weight": 0.703125,
        "min_weight": -0.81640625,
        "mean_weight": 8.61367425386561e-06,
        "max_singular_value": 18.59587860107422,
        "min_singular_value_90": 0.13507956266403198,
        "sum_singular_values_90": 909.4659634232521,
        "num_rank_90": 983,
        "rank90_ratio": 0.239990234375,
        "compression_factor": 0.5,
        "top_r": 1024,
        "avg_p1_error": 0.00045440433314070106,
        "relative_p1_error": 4.89410435550698,
        "p2_error": 2.461101531982422
    },
    "layers.0.self_attn.v_proj.weight": {
        "size": [
            4096,
            4096
        ],
        "max_weight": 0.134765625,
        "min_weight": -0.1240234375,
        "mean_weight": 4.799621819984168e-07,
        "max_singular_value": 4.031841278076172,
        "min_singular_value_90": 0.24206659197807312,
        "sum_singular_values_90": 1759.2389539033175,
        "num_rank_90": 2332,
        "rank90_ratio": 0.5693359375,
        "compression_factor": 0.5,
        "top_r": 1024,
        "avg_p1_error": 0.0031276412773877382,
        "relative_p1_error": 38.86849144345088,
        "p2_error": 16.163883209228516
    },
    "layers.0.self_attn.o_proj.weight": {
        "size": [
            4096,
            4096
        ],
        "max_weight": 0.416015625,
        "min_weight": -0.451171875,
        "mean_weight": -1.5904063275229419e-06,
        "max_singular_value": 4.386460781097412,
        "min_singular_value_90": 0.16008831560611725,
        "sum_singular_values_90": 1141.9698255062103,
        "num_rank_90": 2374,
        "rank90_ratio": 0.57958984375,
        "compression_factor": 0.5,
        "top_r": 1024,
        "avg_p1_error": 0.0020902613177895546,
        "relative_p1_error": 42.37438823939442,
        "p2_error": 10.781225204467773
    },
    "layers.0.mlp.gate_proj.weight": {
        "size": [
            11008,
            4096
        ],
        "max_weight": 0.7265625,
        "min_weight": -0.890625,
        "mean_weight": -1.5138301932893228e-05,
        "max_singular_value": 11.770654678344727,
        "min_singular_value_90": 0.802753746509552,
        "sum_singular_values_90": 5360.619599878788,
        "num_rank_90": 3139,
        "rank90_ratio": 0.766357421875,
        "compression_factor": 0.5,
        "top_r": 1492,
        "avg_p1_error": 0.006021641194820404,
        "relative_p1_error": 46.41782944178179,
        "p2_error": 50.855751037597656
    },
    "layers.0.mlp.up_proj.weight": {
        "size": [
            11008,
            4096
        ],
        "max_weight": 0.314453125,
        "min_weight": -0.341796875,
        "mean_weight": -3.206151859558304e-07,
        "max_singular_value": 10.583475112915039,
        "min_singular_value_90": 0.809674859046936,
        "sum_singular_values_90": 5364.666486263275,
        "num_rank_90": 3145,
        "rank90_ratio": 0.767822265625,
        "compression_factor": 0.5,
        "top_r": 1492,
        "avg_p1_error": 0.006101429928094149,
        "relative_p1_error": 47.616306659178534,
        "p2_error": 51.54204559326172
    },
    "layers.0.mlp.down_proj.weight": {
        "size": [
            4096,
            11008
        ],
        "max_weight": 0.52734375,
        "min_weight": -0.51171875,
        "mean_weight": -1.9985727703897282e-06,
        "max_singular_value": 8.896803855895996,
        "min_singular_value_90": 0.9451122879981995,
        "sum_singular_values_90": 5904.798850893974,
        "num_rank_90": 3229,
        "rank90_ratio": 0.788330078125,
        "compression_factor": 0.5,
        "top_r": 1492,
        "avg_p1_error": 0.007230417802929878,
        "relative_p1_error": 54.26685212286606,
        "p2_error": 61.00579071044922
    },
    "layers.1.self_attn.q_proj.weight": {
        "size": [
            4096,
            4096
        ],
        "max_weight": 0.47265625,
        "min_weight": -0.408203125,
        "mean_weight": -4.032527613162529e-06,
        "max_singular_value": 18.420984268188477,
        "min_singular_value_90": 0.3910425901412964,
        "sum_singular_values_90": 2938.6585255265236,
        "num_rank_90": 1561,
        "rank90_ratio": 0.381103515625,
        "compression_factor": 0.5,
        "top_r": 1024,
        "avg_p1_error": 0.0028540357016026974,
        "relative_p1_error": 16.299977596488286,
        "p2_error": 15.2633056640625
    },
    "layers.1.self_attn.k_proj.weight": {
        "size": [
            4096,
            4096
        ],
        "max_weight": 0.57421875,
        "min_weight": -0.51953125,
        "mean_weight": -2.3390141450363444e-06,
        "max_singular_value": 20.146793365478516,
        "min_singular_value_90": 0.38584262132644653,
        "sum_singular_values_90": 2856.1322226524353,
        "num_rank_90": 1460,
        "rank90_ratio": 0.3564453125,
        "compression_factor": 0.5,
        "top_r": 1024,
        "avg_p1_error": 0.0025275791995227337,
        "relative_p1_error": 14.30377868827403,
        "p2_error": 13.624966621398926
    },
    "layers.1.self_attn.v_proj.weight": {
        "size": [
            4096,
            4096
        ],
        "max_weight": 0.10791015625,
        "min_weight": -0.1279296875,
        "mean_weight": 1.5309312857425539e-06,
        "max_singular_value": 3.2621586322784424,
        "min_singular_value_90": 0.2626846134662628,
        "sum_singular_values_90": 1778.143994629383,
        "num_rank_90": 2488,
        "rank90_ratio": 0.607421875,
        "compression_factor": 0.5,
        "top_r": 1024,
        "avg_p1_error": 0.003612680360674858,
        "relative_p1_error": 48.70148877740567,
        "p2_error": 18.695070266723633
    },
    "layers.1.self_attn.o_proj.weight": {
        "size": [
            4096,
            4096
        ],
        "max_weight": 0.58984375,
        "min_weight": -0.494140625,
        "mean_weight": 8.839834464424712e-08,
        "max_singular_value": 3.8697502613067627,
        "min_singular_value_90": 0.20421555638313293,
        "sum_singular_values_90": 1425.890010908246,
        "num_rank_90": 2382,
        "rank90_ratio": 0.58154296875,
        "compression_factor": 0.5,
        "top_r": 1024,
        "avg_p1_error": 0.0027838300447911024,
        "relative_p1_error": 48.31115830162008,
        "p2_error": 14.518359184265137
    },
    "layers.1.mlp.gate_proj.weight": {
        "size": [
            11008,
            4096
        ],
        "max_weight": 0.9765625,
        "min_weight": -1.09375,
        "mean_weight": -3.1894000130705535e-05,
        "max_singular_value": 14.161615371704102,
        "min_singular_value_90": 0.8709847927093506,
        "sum_singular_values_90": 5903.71487724781,
        "num_rank_90": 3101,
        "rank90_ratio": 0.757080078125,
        "compression_factor": 0.5,
        "top_r": 1492,
        "avg_p1_error": 0.006532737053930759,
        "relative_p1_error": 45.34272300955055,
        "p2_error": 55.136474609375
    },
    "layers.1.mlp.up_proj.weight": {
        "size": [
            11008,
            4096
        ],
        "max_weight": 0.294921875,
        "min_weight": -0.40625,
        "mean_weight": 2.900873141697957e-06,
        "max_singular_value": 7.377152442932129,