{
    "layers.20.self_attn.q_proj.weight": {
        "size": [
            4096,
            4096
        ],
        "max_weight": 0.8828125,
        "min_weight": -1.0546875,
        "mean_weight": 2.494240561645711e-06,
        "max_singular_value": 13.330859184265137,
        "min_singular_value_90": 0.6168302297592163,
        "sum_singular_values_90": 4042.3022362589836,
        "num_rank_90": 2509,
        "rank90_ratio": 0.612548828125,
        "compression_factor": 0.5,
        "top_r": 1024,
        "avg_p1_error": 0.00852218084037304,
        "relative_p1_error": 48.73077475280532,
        "p2_error": 44.35536193847656
    },
    "layers.20.self_attn.k_proj.weight": {
        "size": [
            4096,
            4096
        ],
        "max_weight": 0.328125,
        "min_weight": -0.328125,
        "mean_weight": 2.4919436327763833e-06,
        "max_singular_value": 14.216160774230957,
        "min_singular_value_90": 0.6282879114151001,
        "sum_singular_values_90": 4113.878060460091,
        "num_rank_90": 2515,
        "rank90_ratio": 0.614013671875,
        "compression_factor": 0.5,
        "top_r": 1024,
        "avg_p1_error": 0.008715348318219185,
        "relative_p1_error": 49.210499856544395,
        "p2_error": 45.344505310058594
    },
    "layers.20.self_attn.v_proj.weight": {
        "size": [
            4096,
            4096
        ],
        "max_weight": 0.126953125,
        "min_weight": -0.1630859375,
        "mean_weight": -3.923665644833818e-06,
        "max_singular_value": 2.747546672821045,
        "min_singular_value_90": 0.5537513494491577,
        "sum_singular_values_90": 3411.715382874012,
        "num_rank_90": 2692,
        "rank90_ratio": 0.6572265625,
        "compression_factor": 0.5,
        "top_r": 1024,
        "avg_p1_error": 0.008067227900028229,
        "relative_p1_error": 58.27772794285497,
        "p2_error": 41.49943542480469
    },
    "layers.20.self_attn.o_proj.weight": {
        "size": [
            4096,
            4096
        ],
        "max_weight": 0.57421875,
        "min_weight": -0.578125,
        "mean_weight": -4.534980462267413e-07,
        "max_singular_value": 6.58378791809082,
        "min_singular_value_90": 0.5657591819763184,
        "sum_singular_values_90": 3430.651701748371,
        "num_rank_90": 2725,
        "rank90_ratio": 0.665283203125,
        "compression_factor": 0.5,
        "top_r": 1024,
        "avg_p1_error": 0.008300249464809895,
        "relative_p1_error": 60.431781265542625,
        "p2_error": 42.65373992919922
    },
    "layers.20.mlp.gate_proj.weight": {
        "size": [
            11008,
            4096
        ],
        "max_weight": 0.287109375,
        "min_weight": -0.322265625,
        "mean_weight": -3.697322608786635e-05,
        "max_singular_value": 12.739506721496582,
        "min_singular_value_90": 1.1789103746414185,
        "sum_singular_values_90": 6991.635853648186,
        "num_rank_90": 3259,
        "rank90_ratio": 0.795654296875,
        "compression_factor": 0.5,
        "top_r": 1492,
        "avg_p1_error": 0.008808396756649017,
        "relative_p1_error": 56.3055572687702,
        "p2_error": 74.2699966430664
    },
    "layers.20.mlp.up_proj.weight": {
        "size": [
            11008,
            4096
        ],
        "max_weight": 0.30859375,
        "min_weight": -0.318359375,
        "mean_weight": -4.954233290277443e-08,
        "max_singular_value": 6.109983444213867,
        "min_singular_value_90": 1.1452054977416992,
        "sum_singular_values_90": 6649.605748653412,
        "num_rank_90": 3282,
        "rank90_ratio": 0.80126953125,
        "compression_factor": 0.5,
        "top_r": 1492,
        "avg_p1_error": 0.008576839230954647,
        "relative_p1_error": 58.30187792939792,
        "p2_error": 72.28858184814453
    },
    "layers.20.mlp.down_proj.weight": {
        "size": [
            4096,
            11008
        ],
        "max_weight": 1.109375,
        "min_weight": -0.55078125,
        "mean_weight": -3.3852737146844447e-07,
        "max_singular_value": 5.163437366485596,
        "min_singular_value_90": 1.1737865209579468,
        "sum_singular_values_90": 6668.846589446068,
        "num_rank_90": 3314,
        "rank90_ratio": 0.80908203125,
        "compression_factor": 0.5,
        "top_r": 1492,
        "avg_p1_error": 0.008806738071143627,
        "relative_p1_error": 60.4065940173206,
        "p2_error": 74.21920013427734
    },
    "layers.21.self_attn.q_proj.weight": {
        "size": [
            4096,
            4096
        ],
        "max_weight": 0.94140625,
        "min_weight": -0.71484375,
        "mean_weight": -6.459309247475176e-07,
        "max_singular_value": 12.782441139221191,
        "min_singular_value_90": 0.615481972694397,
        "sum_singular_values_90": 3996.2721711993217,
        "num_rank_90": 2524,
        "rank90_ratio": 0.6162109375,
        "compression_factor": 0.5,
        "top_r": 1024,
        "avg_p1_error": 0.00855167768895626,
        "relative_p1_error": 50.07227583258443,
        "p2_error": 44.569820404052734
    },
    "layers.21.self_attn.k_proj.weight": {
        "size": [
            4096,
            4096
        ],
        "max_weight": 0.375,
        "min_weight": -0.310546875,
        "mean_weight": 2.182164848818502e-07,
        "max_singular_value": 13.341496467590332,
        "min_singular_value_90": 0.6228745579719543,
        "sum_singular_values_90": 4048.969227194786,
        "num_rank_90": 2527,
        "rank90_ratio": 0.616943359375,
        "compression_factor": 0.5,
        "top_r": 1024,
        "avg_p1_error": 0.00870283879339695,
        "relative_p1_error": 50.66909368135726,
        "p2_error": 45.3381462097168
    },
    "layers.21.self_attn.v_proj.weight": {
        "size": [
            4096,
            4096
        ],
        "max_weight": 0.1796875,
        "min_weight": -0.1728515625,
        "mean_weight": -2.0047809812240303e-06,
        "max_singular_value": 3.213428497314453,
        "min_singular_value_90": 0.5664616823196411,
        "sum_singular_values_90": 3500.3063731193542,
        "num_rank_90": 2686,
        "rank90_ratio": 0.65576171875,
        "compression_factor": 0.5,
        "top_r": 1024,
        "avg_p1_error": 0.008216030895709991,
        "relative_p1_error": 57.600931445856574,
        "p2_error": 42.28961181640625
    },
    "layers.21.self_attn.o_proj.weight": {
        "size": [
            4096,
            4096
        ],
        "max_weight": 0.5390625,
        "min_weight": -0.55078125,
        "mean_weight": -1.2349382814136334e-06,
        "max_singular_value": 5.629275321960449,
        "min_singular_value_90": 0.5843330025672913,
        "sum_singular_values_90": 3525.1838470697403,
        "num_rank_90": 2740,
        "rank90_ratio": 0.6689453125,
        "compression_factor": 0.5,
        "top_r": 1024,
        "avg_p1_error": 0.008569097146391869,
        "relative_p1_error": 60.95307281459238,
        "p2_error": 44.012908935546875
    },
    "layers.21.mlp.gate_proj.weight": {
        "size": [
            11008,
            4096
        ],
        "max_weight": 0.28515625,
        "min_weight": -0.296875,
        "mean_weight": -3.8682039303239435e-05,
        "max_singular_value": 12.136713981628418,
        "min_singular_value_90": 1.189233422279358,
        "sum_singular_values_90": 7048.609345316887,
        "num_rank_90": 3261,
        "rank90_ratio": 0.796142578125,
        "compression_factor": 0.5,
        "top_r": 1492,
        "avg_p1_error": 0.008887537755072117,
        "relative_p1_error": 56.39514942149433,
        "p2_error": 74.92394256591797
    },
    "layers.21.mlp.up_proj.weight": {
        "size": [
            11008,
            4096
        ],
        "max_weight": 0.201171875,
        "min_weight": -0.2333984375,
        "mean_weight": -1.360055875920807e-06,
        "max_singular_value": 5.696828842163086,