{
    "layers.4.self_attn.q_proj.weight": {
        "size": [
            4096,
            4096
        ],
        "max_weight": 0.63671875,
        "min_weight": -0.67578125,
        "mean_weight": 1.7987915725825587e-06,
        "max_singular_value": 13.791117668151855,
        "min_singular_value_90": 0.6507914662361145,
        "sum_singular_values_90": 4376.036479473114,
        "num_rank_90": 2363,
        "rank90_ratio": 0.576904296875,
        "compression_factor": 0.5,
        "top_r": 1024,
        "avg_p1_error": 0.008402266539633274,
        "relative_p1_error": 42.12965462132149,
        "p2_error": 44.14037322998047
    },
    "layers.4.self_attn.k_proj.weight": {
        "size": [
            4096,
            4096
        ],
        "max_weight": 0.51171875,
        "min_weight": -0.30859375,
        "mean_weight": 1.3538820894609671e-05,
        "max_singular_value": 15.754392623901367,
        "min_singular_value_90": 0.6752399206161499,
        "sum_singular_values_90": 4506.361938357353,
        "num_rank_90": 2355,
        "rank90_ratio": 0.574951171875,
        "compression_factor": 0.5,
        "top_r": 1024,
        "avg_p1_error": 0.008695011958479881,
        "relative_p1_error": 43.17159280655181,
        "p2_error": 45.796897888183594
    },
    "layers.4.self_attn.v_proj.weight": {
        "size": [
            4096,
            4096
        ],
        "max_weight": 0.11865234375,
        "min_weight": -0.142578125,
        "mean_weight": -3.1021177164802793e-06,
        "max_singular_value": 3.1027112007141113,
        "min_singular_value_90": 0.4382186233997345,
        "sum_singular_values_90": 2751.494895040989,
        "num_rank_90": 2666,
        "rank90_ratio": 0.65087890625,
        "compression_factor": 0.5,
        "top_r": 1024,
        "avg_p1_error": 0.006297088693827391,
        "relative_p1_error": 55.31973113821016,
        "p2_error": 32.4179573059082
    },
    "layers.4.self_attn.o_proj.weight": {
        "size": [
            4096,
            4096
        ],
        "max_weight": 0.52734375,
        "min_weight": -0.62109375,
        "mean_weight": -6.554060973940068e-07,
        "max_singular_value": 5.823876857757568,
        "min_singular_value_90": 0.4306265711784363,
        "sum_singular_values_90": 2694.927353978157,
        "num_rank_90": 2664,
        "rank90_ratio": 0.650390625,
        "compression_factor": 0.5,
        "top_r": 1024,
        "avg_p1_error": 0.00622169766575098,
        "relative_p1_error": 55.92777782986897,
        "p2_error": 32.02667999267578
    },
    "layers.4.mlp.gate_proj.weight": {
        "size": [
            11008,
            4096
        ],
        "max_weight": 0.44921875,
        "min_weight": -0.51953125,
        "mean_weight": -4.813143277715426e-06,
        "max_singular_value": 10.921271324157715,
        "min_singular_value_90": 1.175392985343933,
        "sum_singular_values_90": 6904.282487154007,
        "num_rank_90": 3295,
        "rank90_ratio": 0.804443359375,
        "compression_factor": 0.5,
        "top_r": 1492,
        "avg_p1_error": 0.008783460594713688,
        "relative_p1_error": 57.073670918662664,
        "p2_error": 74.04701232910156
    },
    "layers.4.mlp.up_proj.weight": {
        "size": [
            11008,
            4096
        ],
        "max_weight": 0.353515625,
        "min_weight": -0.478515625,
        "mean_weight": 4.507515768636949e-06,
        "max_singular_value": 4.294732570648193,
        "min_singular_value_90": 1.1061162948608398,
        "sum_singular_values_90": 6344.329034924507,
        "num_rank_90": 3316,
        "rank90_ratio": 0.8095703125,
        "compression_factor": 0.5,
        "top_r": 1492,
        "avg_p1_error": 0.008295107632875443,
        "relative_p1_error": 59.669314719652554,
        "p2_error": 69.91552734375
    },
    "layers.4.mlp.down_proj.weight": {
        "size": [
            4096,
            11008
        ],
        "max_weight": 0.80859375,
        "min_weight": -0.9765625,
        "mean_weight": 5.497652750818816e-07,
        "max_singular_value": 6.287213325500488,
        "min_singular_value_90": 1.060730218887329,
        "sum_singular_values_90": 6232.783088922501,
        "num_rank_90": 3287,
        "rank90_ratio": 0.802490234375,
        "compression_factor": 0.5,
        "top_r": 1492,
        "avg_p1_error": 0.007922300137579441,
        "relative_p1_error": 57.14545887175254,
        "p2_error": 66.82311248779297
    },
    "layers.5.self_attn.q_proj.weight": {
        "size": [
            4096,
            4096
        ],
        "max_weight": 0.640625,
        "min_weight": -0.59375,
        "mean_weight": -7.127388926164713e-06,
        "max_singular_value": 13.73753833770752,
        "min_singular_value_90": 0.6603483557701111,
        "sum_singular_values_90": 4448.885543227196,
        "num_rank_90": 2396,
        "rank90_ratio": 0.5849609375,
        "compression_factor": 0.5,
        "top_r": 1024,
        "avg_p1_error": 0.008669063448905945,
        "relative_p1_error": 42.87370584393393,
        "p2_error": 45.30268096923828
    },
    "layers.5.self_attn.k_proj.weight": {
        "size": [
            4096,
            4096
        ],
        "max_weight": 0.333984375,
        "min_weight": -0.33203125,
        "mean_weight": 4.840497695113299e-06,
        "max_singular_value": 16.54254913330078,
        "min_singular_value_90": 0.6904610395431519,
        "sum_singular_values_90": 4643.638350844383,
        "num_rank_90": 2385,
        "rank90_ratio": 0.582275390625,
        "compression_factor": 0.5,
        "top_r": 1024,
        "avg_p1_error": 0.009036717936396599,
        "relative_p1_error": 43.43218531467749,
        "p2_error": 47.30646896362305
    },
    "layers.5.self_attn.v_proj.weight": {
        "size": [
            4096,
            4096
        ],
        "max_weight": 0.1669921875,
        "min_weight": -0.265625,
        "mean_weight": 6.6090415202779695e-06,
        "max_singular_value": 2.997070550918579,
        "min_singular_value_90": 0.45011213421821594,
        "sum_singular_values_90": 2821.9765707552433,
        "num_rank_90": 2649,
        "rank90_ratio": 0.646728515625,
        "compression_factor": 0.5,
        "top_r": 1024,
        "avg_p1_error": 0.006457389798015356,
        "relative_p1_error": 55.532667353806616,
        "p2_error": 33.338645935058594
    },
    "layers.5.self_attn.o_proj.weight": {
        "size": [
            4096,
            4096
        ],
        "max_weight": 0.4453125,
        "min_weight": -0.52734375,
        "mean_weight": -1.674127361184219e-07,
        "max_singular_value": 5.656042575836182,
        "min_singular_value_90": 0.4363119602203369,
        "sum_singular_values_90": 2745.384022295475,
        "num_rank_90": 2638,
        "rank90_ratio": 0.64404296875,
        "compression_factor": 0.5,
        "top_r": 1024,
        "avg_p1_error": 0.006277486681938171,
        "relative_p1_error": 55.14732051471487,
        "p2_error": 32.37949752807617
    },
    "layers.5.mlp.gate_proj.weight": {
        "size": [
            11008,
            4096
        ],
        "max_weight": 0.3359375,
        "min_weight": -0.443359375,
        "mean_weight": -2.1409347027656622e-05,
        "max_singular_value": 12.341318130493164,
        "min_singular_value_90": 1.1666975021362305,
        "sum_singular_values_90": 6904.097371220589,
        "num_rank_90": 3288,
        "rank90_ratio": 0.802734375,
        "compression_factor": 0.5,
        "top_r": 1492,
        "avg_p1_error": 0.008716481737792492,
        "relative_p1_error": 56.44390727309,
        "p2_error": 73.50845336914062
    },
    "layers.5.mlp.up_proj.weight": {
        "size": [
            11008,
            4096
        ],
        "max_weight": 0.423828125,
        "min_weight": -0.490234375,
        "mean_weight": 3.0634603263024474e-06,
        "max_singular_value": 4.456430435180664,