{
    "layers.24.self_attn.q_proj.weight": {
        "size": [
            4096,
            4096
        ],
        "max_weight": 1.03125,
        "min_weight": -0.59765625,
        "mean_weight": 2.4569476408942137e-06,
        "max_singular_value": 12.386645317077637,
        "min_singular_value_90": 0.5983439683914185,
        "sum_singular_values_90": 3906.3872698545456,
        "num_rank_90": 2496,
        "rank90_ratio": 0.609375,
        "compression_factor": 0.33,
        "top_r": 675,
        "avg_p1_error": 0.01025988720357418,
        "relative_p1_error": 61.20467846913941,
        "p2_error": 54.28749084472656
    },
    "layers.24.self_attn.k_proj.weight": {
        "size": [
            4096,
            4096
        ],
        "max_weight": 0.296875,
        "min_weight": -0.330078125,
        "mean_weight": 9.862308615993243e-06,
        "max_singular_value": 13.172679901123047,
        "min_singular_value_90": 0.6057060956954956,
        "sum_singular_values_90": 3945.788922071457,
        "num_rank_90": 2508,
        "rank90_ratio": 0.6123046875,
        "compression_factor": 0.33,
        "top_r": 675,
        "avg_p1_error": 0.010415124706923962,
        "relative_p1_error": 62.12451796253071,
        "p2_error": 55.03120422363281
    },
    "layers.24.self_attn.v_proj.weight": {
        "size": [
            4096,
            4096
        ],
        "max_weight": 0.1845703125,
        "min_weight": -0.1103515625,
        "mean_weight": 2.0291452074161498e-06,
        "max_singular_value": 3.218632221221924,
        "min_singular_value_90": 0.5936068296432495,
        "sum_singular_values_90": 3657.5903173089027,
        "num_rank_90": 2701,
        "rank90_ratio": 0.659423828125,
        "compression_factor": 0.33,
        "top_r": 675,
        "avg_p1_error": 0.010367252863943577,
        "relative_p1_error": 69.80085434579843,
        "p2_error": 53.40787124633789
    },
    "layers.24.self_attn.o_proj.weight": {
        "size": [
            4096,
            4096
        ],
        "max_weight": 0.65234375,
        "min_weight": -0.73046875,
        "mean_weight": -2.0361339920782484e-06,
        "max_singular_value": 6.672455787658691,
        "min_singular_value_90": 0.6070778965950012,
        "sum_singular_values_90": 3659.5016545057297,
        "num_rank_90": 2742,
        "rank90_ratio": 0.66943359375,
        "compression_factor": 0.33,
        "top_r": 675,
        "avg_p1_error": 0.01060511078685522,
        "relative_p1_error": 72.7830575918747,
        "p2_error": 54.508941650390625
    },
    "layers.24.mlp.gate_proj.weight": {
        "size": [
            11008,
            4096
        ],
        "max_weight": 0.306640625,
        "min_weight": -0.34765625,
        "mean_weight": -1.4547896171279717e-05,
        "max_singular_value": 10.873128890991211,
        "min_singular_value_90": 1.2130526304244995,
        "sum_singular_values_90": 7148.595633625984,
        "num_rank_90": 3276,
        "rank90_ratio": 0.7998046875,
        "compression_factor": 0.33,
        "top_r": 985,
        "avg_p1_error": 0.010969707742333412,
        "relative_p1_error": 68.9468637831282,
        "p2_error": 92.53636169433594
    },
    "layers.24.mlp.up_proj.weight": {
        "size": [
            11008,
            4096
        ],
        "max_weight": 0.1982421875,
        "min_weight": -0.197265625,
        "mean_weight": 5.9030880947830155e-06,
        "max_singular_value": 4.689720153808594,
        "min_singular_value_90": 1.1595572233200073,
        "sum_singular_values_90": 6714.639533996582,
        "num_rank_90": 3294,
        "rank90_ratio": 0.80419921875,
        "compression_factor": 0.33,
        "top_r": 985,
        "avg_p1_error": 0.01049149688333273,
        "relative_p1_error": 70.86852699219219,
        "p2_error": 88.35911560058594
    },
    "layers.24.mlp.down_proj.weight": {
        "size": [
            4096,
            11008
        ],
        "max_weight": 0.7265625,
        "min_weight": -0.6640625,
        "mean_weight": 1.7678038588542222e-08,
        "max_singular_value": 5.610479831695557,
        "min_singular_value_90": 1.1577612161636353,
        "sum_singular_values_90": 6690.815633177757,
        "num_rank_90": 3294,
        "rank90_ratio": 0.80419921875,
        "compression_factor": 0.33,
        "top_r": 985,
        "avg_p1_error": 0.010486609302461147,
        "relative_p1_error": 71.17802586753804,
        "p2_error": 88.33232879638672
    },
    "layers.25.self_attn.q_proj.weight": {
        "size": [
            4096,
            4096
        ],
        "max_weight": 0.58203125,
        "min_weight": -0.64453125,
        "mean_weight": 1.0907659770964528e-06,
        "max_singular_value": 11.857540130615234,
        "min_singular_value_90": 0.6472030878067017,
        "sum_singular_values_90": 4105.490893244743,
        "num_rank_90": 2577,
        "rank90_ratio": 0.629150390625,
        "compression_factor": 0.33,
        "top_r": 675,
        "avg_p1_error": 0.01114952377974987,
        "relative_p1_error": 65.22375143504446,
        "p2_error": 58.38092041015625
    },
    "layers.25.self_attn.k_proj.weight": {
        "size": [
            4096,
            4096
        ],
        "max_weight": 0.365234375,
        "min_weight": -0.283203125,
        "mean_weight": 6.847612439742079e-06,
        "max_singular_value": 12.294865608215332,
        "min_singular_value_90": 0.6571007966995239,
        "sum_singular_values_90": 4150.303739368916,
        "num_rank_90": 2590,
        "rank90_ratio": 0.63232421875,
        "compression_factor": 0.33,
        "top_r": 675,
        "avg_p1_error": 0.011368916369974613,
        "relative_p1_error": 66.39921747873065,
        "p2_error": 59.42485427856445
    },
    "layers.25.self_attn.v_proj.weight": {
        "size": [
            4096,
            4096
        ],
        "max_weight": 0.1259765625,
        "min_weight": -0.1259765625,
        "mean_weight": 3.6688738873635884e-06,
        "max_singular_value": 3.182720899581909,
        "min_singular_value_90": 0.6257818341255188,
        "sum_singular_values_90": 3822.5859082341194,
        "num_rank_90": 2713,
        "rank90_ratio": 0.662353515625,
        "compression_factor": 0.33,
        "top_r": 675,
        "avg_p1_error": 0.010938662104308605,
        "relative_p1_error": 70.97083822372097,
        "p2_error": 56.2987060546875
    },
    "layers.25.self_attn.o_proj.weight": {
        "size": [
            4096,
            4096
        ],
        "max_weight": 0.65234375,
        "min_weight": -0.439453125,
        "mean_weight": -2.1071514311188366e-07,
        "max_singular_value": 4.8219780921936035,
        "min_singular_value_90": 0.6196541786193848,
        "sum_singular_values_90": 3779.9192447066307,
        "num_rank_90": 2721,
        "rank90_ratio": 0.664306640625,
        "compression_factor": 0.33,
        "top_r": 675,
        "avg_p1_error": 0.010856722481548786,
        "relative_p1_error": 71.39072353697397,
        "p2_error": 55.82193374633789
    },
    "layers.25.mlp.gate_proj.weight": {
        "size": [
            11008,
            4096
        ],
        "max_weight": 0.455078125,
        "min_weight": -0.5546875,
        "mean_weight": -1.836359479057137e-05,
        "max_singular_value": 10.787707328796387,
        "min_singular_value_90": 1.223145842552185,
        "sum_singular_values_90": 7183.075314164162,
        "num_rank_90": 3282,
        "rank90_ratio": 0.80126953125,
        "compression_factor": 0.33,
        "top_r": 985,
        "avg_p1_error": 0.011061913333833218,
        "relative_p1_error": 69.4472954548936,
        "p2_error": 93.32196807861328
    },
    "layers.25.mlp.up_proj.weight": {
        "size": [
            11008,
            4096
        ],
        "max_weight": 0.251953125,
        "min_weight": -0.2392578125,
        "mean_weight": -2.264175918753608e-06,
        "max_singular_value": 4.954108238220215,