{
    "layers.8.self_attn.q_proj.weight": {
        "size": [
            4096,
            4096
        ],
        "max_weight": 0.470703125,
        "min_weight": -0.55859375,
        "mean_weight": 8.694923053553794e-06,
        "max_singular_value": 11.970708847045898,
        "min_singular_value_90": 0.6245020031929016,
        "sum_singular_values_90": 4261.184398531914,
        "num_rank_90": 2427,
        "rank90_ratio": 0.592529296875,
        "compression_factor": 0.33,
        "top_r": 675,
        "avg_p1_error": 0.010544677264988422,
        "relative_p1_error": 55.5006427867445,
        "p2_error": 55.45417022705078
    },
    "layers.8.self_attn.k_proj.weight": {
        "size": [
            4096,
            4096
        ],
        "max_weight": 0.29296875,
        "min_weight": -0.30859375,
        "mean_weight": 2.7812338885269128e-06,
        "max_singular_value": 14.275406837463379,
        "min_singular_value_90": 0.6435376405715942,
        "sum_singular_values_90": 4361.288071036339,
        "num_rank_90": 2438,
        "rank90_ratio": 0.59521484375,
        "compression_factor": 0.33,
        "top_r": 675,
        "avg_p1_error": 0.011003540828824043,
        "relative_p1_error": 57.61662539778275,
        "p2_error": 57.90471267700195
    },
    "layers.8.self_attn.v_proj.weight": {
        "size": [
            4096,
            4096
        ],
        "max_weight": 0.19140625,
        "min_weight": -0.2080078125,
        "mean_weight": 2.5467643354204483e-06,
        "max_singular_value": 3.374553918838501,
        "min_singular_value_90": 0.4105616509914398,
        "sum_singular_values_90": 2643.845373660326,
        "num_rank_90": 2596,
        "rank90_ratio": 0.6337890625,
        "compression_factor": 0.33,
        "top_r": 675,
        "avg_p1_error": 0.0071479156613349915,
        "relative_p1_error": 63.65286924143852,
        "p2_error": 36.954566955566406
    },
    "layers.8.self_attn.o_proj.weight": {
        "size": [
            4096,
            4096
        ],
        "max_weight": 0.75390625,
        "min_weight": -0.60546875,
        "mean_weight": -8.223460667977633e-07,
        "max_singular_value": 4.93906831741333,
        "min_singular_value_90": 0.41297924518585205,
        "sum_singular_values_90": 2630.9258963763714,
        "num_rank_90": 2601,
        "rank90_ratio": 0.635009765625,
        "compression_factor": 0.33,
        "top_r": 675,
        "avg_p1_error": 0.007250484079122543,
        "relative_p1_error": 65.51489987519165,
        "p2_error": 37.412818908691406
    },
    "layers.8.mlp.gate_proj.weight": {
        "size": [
            11008,
            4096
        ],
        "max_weight": 0.318359375,
        "min_weight": -0.390625,
        "mean_weight": -7.647521670151036e-06,
        "max_singular_value": 12.9481782913208,
        "min_singular_value_90": 1.1308557987213135,
        "sum_singular_values_90": 6840.339342355728,
        "num_rank_90": 3262,
        "rank90_ratio": 0.79638671875,
        "compression_factor": 0.33,
        "top_r": 985,
        "avg_p1_error": 0.010220250114798546,
        "relative_p1_error": 66.36394846598179,
        "p2_error": 86.48411560058594
    },
    "layers.8.mlp.up_proj.weight": {
        "size": [
            11008,
            4096
        ],
        "max_weight": 0.6484375,
        "min_weight": -0.435546875,
        "mean_weight": 1.8039648921330809e-06,
        "max_singular_value": 5.374046325683594,
        "min_singular_value_90": 1.094049334526062,
        "sum_singular_values_90": 6373.755632638931,
        "num_rank_90": 3301,
        "rank90_ratio": 0.805908203125,
        "compression_factor": 0.33,
        "top_r": 985,
        "avg_p1_error": 0.009862449020147324,
        "relative_p1_error": 70.11079184159236,
        "p2_error": 83.31282043457031
    },
    "layers.8.mlp.down_proj.weight": {
        "size": [
            4096,
            11008
        ],
        "max_weight": 0.76171875,
        "min_weight": -0.796875,
        "mean_weight": -2.161546490242472e-06,
        "max_singular_value": 7.060575008392334,
        "min_singular_value_90": 1.0329158306121826,
        "sum_singular_values_90": 6205.106923818588,
        "num_rank_90": 3259,
        "rank90_ratio": 0.795654296875,
        "compression_factor": 0.33,
        "top_r": 985,
        "avg_p1_error": 0.009350604377686977,
        "relative_p1_error": 66.99827922171735,
        "p2_error": 79.03972625732422
    },
    "layers.9.self_attn.q_proj.weight": {
        "size": [
            4096,
            4096
        ],
        "max_weight": 0.44140625,
        "min_weight": -0.77734375,
        "mean_weight": 5.593211653831531e-07,
        "max_singular_value": 12.231813430786133,
        "min_singular_value_90": 0.6422804594039917,
        "sum_singular_values_90": 4346.131695985794,
        "num_rank_90": 2456,
        "rank90_ratio": 0.599609375,
        "compression_factor": 0.33,
        "top_r": 675,
        "avg_p1_error": 0.01097443699836731,
        "relative_p1_error": 56.85922134932585,
        "p2_error": 57.479522705078125
    },
    "layers.9.self_attn.k_proj.weight": {
        "size": [
            4096,
            4096
        ],
        "max_weight": 0.263671875,
        "min_weight": -0.35546875,
        "mean_weight": 1.1022589205822442e-05,
        "max_singular_value": 14.207854270935059,
        "min_singular_value_90": 0.6633133292198181,
        "sum_singular_values_90": 4471.022917151451,
        "num_rank_90": 2460,
        "rank90_ratio": 0.6005859375,
        "compression_factor": 0.33,
        "top_r": 675,
        "avg_p1_error": 0.011377605609595776,
        "relative_p1_error": 57.92552314809283,
        "p2_error": 59.62212371826172
    },
    "layers.9.self_attn.v_proj.weight": {
        "size": [
            4096,
            4096
        ],
        "max_weight": 0.203125,
        "min_weight": -0.2470703125,
        "mean_weight": 2.66328061115928e-06,
        "max_singular_value": 3.2388343811035156,
        "min_singular_value_90": 0.41738080978393555,
        "sum_singular_values_90": 2697.67711392045,
        "num_rank_90": 2590,
        "rank90_ratio": 0.63232421875,
        "compression_factor": 0.33,
        "top_r": 675,
        "avg_p1_error": 0.007310159504413605,
        "relative_p1_error": 63.87296924908233,
        "p2_error": 37.78904724121094
    },
    "layers.9.self_attn.o_proj.weight": {
        "size": [
            4096,
            4096
        ],
        "max_weight": 0.5078125,
        "min_weight": -0.546875,
        "mean_weight": 3.072464551223675e-06,
        "max_singular_value": 5.123231410980225,
        "min_singular_value_90": 0.4202806055545807,
        "sum_singular_values_90": 2682.444788277149,
        "num_rank_90": 2602,
        "rank90_ratio": 0.63525390625,
        "compression_factor": 0.33,
        "top_r": 675,
        "avg_p1_error": 0.007372959516942501,
        "relative_p1_error": 65.17920905860062,
        "p2_error": 37.97706604003906
    },
    "layers.9.mlp.gate_proj.weight": {
        "size": [
            11008,
            4096
        ],
        "max_weight": 0.375,
        "min_weight": -0.357421875,
        "mean_weight": -6.808333807839517e-08,
        "max_singular_value": 13.032917022705078,
        "min_singular_value_90": 1.1149977445602417,
        "sum_singular_values_90": 6764.8130259513855,
        "num_rank_90": 3260,
        "rank90_ratio": 0.7958984375,
        "compression_factor": 0.33,
        "top_r": 985,
        "avg_p1_error": 0.010081419721245766,
        "relative_p1_error": 66.18927755963023,
        "p2_error": 85.32233428955078
    },
    "layers.9.mlp.up_proj.weight": {
        "size": [
            11008,
            4096
        ],
        "max_weight": 0.609375,
        "min_weight": -0.380859375,
        "mean_weight": -1.5339124956881278e-06,
        "max_singular_value": 5.377055644989014,