{
    "layers.4.self_attn.q_proj.weight": {
        "size": [
            4096,
            4096
        ],
        "max_weight": 0.63671875,
        "min_weight": -0.67578125,
        "mean_weight": 1.7987915725825587e-06,
        "max_singular_value": 13.791117668151855,
        "min_singular_value_90": 0.6507914662361145,
        "sum_singular_values_90": 4376.036479473114,
        "num_rank_90": 2363,
        "rank90_ratio": 0.576904296875,
        "compression_factor": 0.33,
        "top_r": 675,
        "avg_p1_error": 0.010729897767305374,
        "relative_p1_error": 53.80058879665035,
        "p2_error": 56.86812210083008
    },
    "layers.4.self_attn.k_proj.weight": {
        "size": [
            4096,
            4096
        ],
        "max_weight": 0.51171875,
        "min_weight": -0.30859375,
        "mean_weight": 1.3538820894609671e-05,
        "max_singular_value": 15.754392623901367,
        "min_singular_value_90": 0.6752399206161499,
        "sum_singular_values_90": 4506.361938357353,
        "num_rank_90": 2355,
        "rank90_ratio": 0.574951171875,
        "compression_factor": 0.33,
        "top_r": 675,
        "avg_p1_error": 0.011133937165141106,
        "relative_p1_error": 55.28109724546479,
        "p2_error": 59.18154525756836
    },
    "layers.4.self_attn.v_proj.weight": {
        "size": [
            4096,
            4096
        ],
        "max_weight": 0.11865234375,
        "min_weight": -0.142578125,
        "mean_weight": -3.1021177164802793e-06,
        "max_singular_value": 3.1027112007141113,
        "min_singular_value_90": 0.4382186233997345,
        "sum_singular_values_90": 2751.494895040989,
        "num_rank_90": 2666,
        "rank90_ratio": 0.65087890625,
        "compression_factor": 0.33,
        "top_r": 675,
        "avg_p1_error": 0.007632173597812653,
        "relative_p1_error": 67.04841109273333,
        "p2_error": 39.34593200683594
    },
    "layers.4.self_attn.o_proj.weight": {
        "size": [
            4096,
            4096
        ],
        "max_weight": 0.52734375,
        "min_weight": -0.62109375,
        "mean_weight": -6.554060973940068e-07,
        "max_singular_value": 5.823876857757568,
        "min_singular_value_90": 0.4306265711784363,
        "sum_singular_values_90": 2694.927353978157,
        "num_rank_90": 2664,
        "rank90_ratio": 0.650390625,
        "compression_factor": 0.33,
        "top_r": 675,
        "avg_p1_error": 0.007528664544224739,
        "relative_p1_error": 67.67630003991674,
        "p2_error": 38.79938888549805
    },
    "layers.4.mlp.gate_proj.weight": {
        "size": [
            11008,
            4096
        ],
        "max_weight": 0.44921875,
        "min_weight": -0.51953125,
        "mean_weight": -4.813143277715426e-06,
        "max_singular_value": 10.921271324157715,
        "min_singular_value_90": 1.175392985343933,
        "sum_singular_values_90": 6904.282487154007,
        "num_rank_90": 3295,
        "rank90_ratio": 0.804443359375,
        "compression_factor": 0.33,
        "top_r": 985,
        "avg_p1_error": 0.01055552251636982,
        "relative_p1_error": 68.58827588256094,
        "p2_error": 89.04051208496094
    },
    "layers.4.mlp.up_proj.weight": {
        "size": [
            11008,
            4096
        ],
        "max_weight": 0.353515625,
        "min_weight": -0.478515625,
        "mean_weight": 4.507515768636949e-06,
        "max_singular_value": 4.294732570648193,
        "min_singular_value_90": 1.1061162948608398,
        "sum_singular_values_90": 6344.329034924507,
        "num_rank_90": 3316,
        "rank90_ratio": 0.8095703125,
        "compression_factor": 0.33,
        "top_r": 985,
        "avg_p1_error": 0.009943446144461632,
        "relative_p1_error": 71.5263313812032,
        "p2_error": 83.8380126953125
    },
    "layers.4.mlp.down_proj.weight": {
        "size": [
            4096,
            11008
        ],
        "max_weight": 0.80859375,
        "min_weight": -0.9765625,
        "mean_weight": 5.497652750818816e-07,
        "max_singular_value": 6.287213325500488,
        "min_singular_value_90": 1.060730218887329,
        "sum_singular_values_90": 6232.783088922501,
        "num_rank_90": 3287,
        "rank90_ratio": 0.802490234375,
        "compression_factor": 0.33,
        "top_r": 985,
        "avg_p1_error": 0.009545227512717247,
        "relative_p1_error": 68.85202488884303,
        "p2_error": 80.50852966308594
    },
    "layers.5.self_attn.q_proj.weight": {
        "size": [
            4096,
            4096
        ],
        "max_weight": 0.640625,
        "min_weight": -0.59375,
        "mean_weight": -7.127388926164713e-06,
        "max_singular_value": 13.73753833770752,
        "min_singular_value_90": 0.6603483557701111,
        "sum_singular_values_90": 4448.885543227196,
        "num_rank_90": 2396,
        "rank90_ratio": 0.5849609375,
        "compression_factor": 0.33,
        "top_r": 675,
        "avg_p1_error": 0.011021608486771584,
        "relative_p1_error": 54.50844868928555,
        "p2_error": 58.07669448852539
    },
    "layers.5.self_attn.k_proj.weight": {
        "size": [
            4096,
            4096
        ],
        "max_weight": 0.333984375,
        "min_weight": -0.33203125,
        "mean_weight": 4.840497695113299e-06,
        "max_singular_value": 16.54254913330078,
        "min_singular_value_90": 0.6904610395431519,
        "sum_singular_values_90": 4643.638350844383,
        "num_rank_90": 2385,
        "rank90_ratio": 0.582275390625,
        "compression_factor": 0.33,
        "top_r": 675,
        "avg_p1_error": 0.011531088501214981,
        "relative_p1_error": 55.42060471397411,
        "p2_error": 60.882843017578125
    },
    "layers.5.self_attn.v_proj.weight": {
        "size": [
            4096,
            4096
        ],
        "max_weight": 0.1669921875,
        "min_weight": -0.265625,
        "mean_weight": 6.6090415202779695e-06,
        "max_singular_value": 2.997070550918579,
        "min_singular_value_90": 0.45011213421821594,
        "sum_singular_values_90": 2821.9765707552433,
        "num_rank_90": 2649,
        "rank90_ratio": 0.646728515625,
        "compression_factor": 0.33,
        "top_r": 675,
        "avg_p1_error": 0.00784002710133791,
        "relative_p1_error": 67.4231586882424,
        "p2_error": 40.57480239868164
    },
    "layers.5.self_attn.o_proj.weight": {
        "size": [
            4096,
            4096
        ],
        "max_weight": 0.4453125,
        "min_weight": -0.52734375,
        "mean_weight": -1.674127361184219e-07,
        "max_singular_value": 5.656042575836182,
        "min_singular_value_90": 0.4363119602203369,
        "sum_singular_values_90": 2745.384022295475,
        "num_rank_90": 2638,
        "rank90_ratio": 0.64404296875,
        "compression_factor": 0.33,
        "top_r": 675,
        "avg_p1_error": 0.007628589868545532,
        "relative_p1_error": 67.01667592006699,
        "p2_error": 39.432586669921875
    },
    "layers.5.mlp.gate_proj.weight": {
        "size": [
            11008,
            4096
        ],
        "max_weight": 0.3359375,
        "min_weight": -0.443359375,
        "mean_weight": -2.1409347027656622e-05,
        "max_singular_value": 12.341318130493164,
        "min_singular_value_90": 1.1666975021362305,
        "sum_singular_values_90": 6904.097371220589,
        "num_rank_90": 3288,
        "rank90_ratio": 0.802734375,
        "compression_factor": 0.33,
        "top_r": 985,
        "avg_p1_error": 0.010484803467988968,
        "relative_p1_error": 67.8947415397924,
        "p2_error": 88.51722717285156
    },
    "layers.5.mlp.up_proj.weight": {
        "size": [
            11008,
            4096
        ],
        "max_weight": 0.423828125,
        "min_weight": -0.490234375,
        "mean_weight": 3.0634603263024474e-06,
        "max_singular_value": 4.456430435180664,