{
    "layers.12.self_attn.q_proj.weight": {
        "size": [
            4096,
            4096
        ],
        "max_weight": 0.5234375,
        "min_weight": -0.4609375,
        "mean_weight": 8.657140142531716e-07,
        "max_singular_value": 11.801569938659668,
        "min_singular_value_90": 0.6158970594406128,
        "sum_singular_values_90": 4192.7574498057365,
        "num_rank_90": 2454,
        "rank90_ratio": 0.59912109375,
        "compression_factor": 0.33,
        "top_r": 675,
        "avg_p1_error": 0.010564355179667473,
        "relative_p1_error": 56.72720060514935,
        "p2_error": 55.26054382324219
    },
    "layers.12.self_attn.k_proj.weight": {
        "size": [
            4096,
            4096
        ],
        "max_weight": 0.2578125,
        "min_weight": -0.298828125,
        "mean_weight": 3.1874146770860534e-06,
        "max_singular_value": 13.599757194519043,
        "min_singular_value_90": 0.6334708333015442,
        "sum_singular_values_90": 4307.811375796795,
        "num_rank_90": 2460,
        "rank90_ratio": 0.6005859375,
        "compression_factor": 0.33,
        "top_r": 675,
        "avg_p1_error": 0.010833799839019775,
        "relative_p1_error": 56.86392346125475,
        "p2_error": 56.669795989990234
    },
    "layers.12.self_attn.v_proj.weight": {
        "size": [
            4096,
            4096
        ],
        "max_weight": 0.251953125,
        "min_weight": -0.1904296875,
        "mean_weight": -7.422390808642376e-07,
        "max_singular_value": 3.245185613632202,
        "min_singular_value_90": 0.4265712797641754,
        "sum_singular_values_90": 2753.5618526041508,
        "num_rank_90": 2591,
        "rank90_ratio": 0.632568359375,
        "compression_factor": 0.33,
        "top_r": 675,
        "avg_p1_error": 0.007464990019798279,
        "relative_p1_error": 63.97340267859979,
        "p2_error": 38.590301513671875
    },
    "layers.12.self_attn.o_proj.weight": {
        "size": [
            4096,
            4096
        ],
        "max_weight": 0.50390625,
        "min_weight": -0.51953125,
        "mean_weight": -3.2192606340686325e-06,
        "max_singular_value": 4.950929164886475,
        "min_singular_value_90": 0.4284001588821411,
        "sum_singular_values_90": 2741.5343882739544,
        "num_rank_90": 2585,
        "rank90_ratio": 0.631103515625,
        "compression_factor": 0.33,
        "top_r": 675,
        "avg_p1_error": 0.007531394250690937,
        "relative_p1_error": 64.98909411081985,
        "p2_error": 38.838172912597656
    },
    "layers.12.mlp.gate_proj.weight": {
        "size": [
            11008,
            4096
        ],
        "max_weight": 0.35546875,
        "min_weight": -0.33984375,
        "mean_weight": -2.7142865292262286e-05,
        "max_singular_value": 13.063896179199219,
        "min_singular_value_90": 1.095310926437378,
        "sum_singular_values_90": 6671.345575213432,
        "num_rank_90": 3249,
        "rank90_ratio": 0.793212890625,
        "compression_factor": 0.33,
        "top_r": 985,
        "avg_p1_error": 0.009946309030056,
        "relative_p1_error": 66.1863302179635,
        "p2_error": 84.1621322631836
    },
    "layers.12.mlp.up_proj.weight": {
        "size": [
            11008,
            4096
        ],
        "max_weight": 0.24609375,
        "min_weight": -0.2412109375,
        "mean_weight": -2.5048859697562875e-06,
        "max_singular_value": 6.00400447845459,
        "min_singular_value_90": 1.1155474185943604,
        "sum_singular_values_90": 6565.921916604042,
        "num_rank_90": 3284,
        "rank90_ratio": 0.8017578125,
        "compression_factor": 0.33,
        "top_r": 985,
        "avg_p1_error": 0.010095840319991112,
        "relative_p1_error": 69.32652964643255,
        "p2_error": 85.3139877319336
    },
    "layers.12.mlp.down_proj.weight": {
        "size": [
            4096,
            11008
        ],
        "max_weight": 0.6484375,
        "min_weight": -0.58984375,
        "mean_weight": -1.1765648650907679e-06,
        "max_singular_value": 6.818364143371582,
        "min_singular_value_90": 1.0734211206436157,
        "sum_singular_values_90": 6411.460966706276,
        "num_rank_90": 3261,
        "rank90_ratio": 0.796142578125,
        "compression_factor": 0.33,
        "top_r": 985,
        "avg_p1_error": 0.009691146202385426,
        "relative_p1_error": 67.38058772915433,
        "p2_error": 82.11690521240234
    },
    "layers.13.self_attn.q_proj.weight": {
        "size": [
            4096,
            4096
        ],
        "max_weight": 0.6796875,
        "min_weight": -0.421875,
        "mean_weight": 8.502995115122758e-06,
        "max_singular_value": 12.087376594543457,
        "min_singular_value_90": 0.6164334416389465,
        "sum_singular_values_90": 4179.1906888484955,
        "num_rank_90": 2468,
        "rank90_ratio": 0.6025390625,
        "compression_factor": 0.33,
        "top_r": 675,
        "avg_p1_error": 0.010554703883826733,
        "relative_p1_error": 57.12806657468127,
        "p2_error": 55.14486312866211
    },
    "layers.13.self_attn.k_proj.weight": {
        "size": [
            4096,
            4096
        ],
        "max_weight": 0.30078125,
        "min_weight": -0.26171875,
        "mean_weight": -1.1809106581495143e-07,
        "max_singular_value": 13.835465431213379,
        "min_singular_value_90": 0.6443496942520142,
        "sum_singular_values_90": 4317.015689790249,
        "num_rank_90": 2491,
        "rank90_ratio": 0.608154296875,
        "compression_factor": 0.33,
        "top_r": 675,
        "avg_p1_error": 0.011120399460196495,
        "relative_p1_error": 59.43065135396374,
        "p2_error": 58.130069732666016
    },
    "layers.13.self_attn.v_proj.weight": {
        "size": [
            4096,
            4096
        ],
        "max_weight": 0.22265625,
        "min_weight": -0.2294921875,
        "mean_weight": -6.353847311402205e-06,
        "max_singular_value": 3.1144425868988037,
        "min_singular_value_90": 0.4586728513240814,
        "sum_singular_values_90": 2915.6070331037045,
        "num_rank_90": 2629,
        "rank90_ratio": 0.641845703125,
        "compression_factor": 0.33,
        "top_r": 675,
        "avg_p1_error": 0.008086388930678368,
        "relative_p1_error": 66.79344251903618,
        "p2_error": 41.727928161621094
    },
    "layers.13.self_attn.o_proj.weight": {
        "size": [
            4096,
            4096
        ],
        "max_weight": 0.5078125,
        "min_weight": -0.462890625,
        "mean_weight": 2.8317381293163635e-06,
        "max_singular_value": 5.1163811683654785,
        "min_singular_value_90": 0.4379972815513611,
        "sum_singular_values_90": 2819.894750624895,
        "num_rank_90": 2571,
        "rank90_ratio": 0.627685546875,
        "compression_factor": 0.33,
        "top_r": 675,
        "avg_p1_error": 0.007693958003073931,
        "relative_p1_error": 64.11214645026207,
        "p2_error": 39.74614715576172
    },
    "layers.13.mlp.gate_proj.weight": {
        "size": [
            11008,
            4096
        ],
        "max_weight": 0.3671875,
        "min_weight": -0.31640625,
        "mean_weight": -2.2075177184888162e-05,
        "max_singular_value": 13.289132118225098,
        "min_singular_value_90": 1.0990285873413086,
        "sum_singular_values_90": 6665.040788769722,
        "num_rank_90": 3250,
        "rank90_ratio": 0.79345703125,
        "compression_factor": 0.33,
        "top_r": 985,
        "avg_p1_error": 0.009982421062886715,
        "relative_p1_error": 66.67285589328206,
        "p2_error": 84.47132873535156
    },
    "layers.13.mlp.up_proj.weight": {
        "size": [
            11008,
            4096
        ],
        "max_weight": 0.416015625,
        "min_weight": -0.431640625,
        "mean_weight": 2.0065499484189786e-06,
        "max_singular_value": 6.325664043426514,