{
    "layers.28.self_attn.q_proj.weight": {
        "size": [
            4096,
            4096
        ],
        "max_weight": 0.62890625,
        "min_weight": -0.76953125,
        "mean_weight": 2.057550091194571e-06,
        "max_singular_value": 12.76785945892334,
        "min_singular_value_90": 0.6446694135665894,
        "sum_singular_values_90": 4080.9567269682884,
        "num_rank_90": 2592,
        "rank90_ratio": 0.6328125,
        "compression_factor": 0.33,
        "top_r": 675,
        "avg_p1_error": 0.011110810562968254,
        "relative_p1_error": 65.24635483400279,
        "p2_error": 58.01972579956055
    },
    "layers.28.self_attn.k_proj.weight": {
        "size": [
            4096,
            4096
        ],
        "max_weight": 0.322265625,
        "min_weight": -0.369140625,
        "mean_weight": -9.976766705221962e-06,
        "max_singular_value": 13.521042823791504,
        "min_singular_value_90": 0.6629496216773987,
        "sum_singular_values_90": 4166.020840287209,
        "num_rank_90": 2607,
        "rank90_ratio": 0.636474609375,
        "compression_factor": 0.33,
        "top_r": 675,
        "avg_p1_error": 0.011457700282335281,
        "relative_p1_error": 66.5097729687065,
        "p2_error": 59.74888610839844
    },
    "layers.28.self_attn.v_proj.weight": {
        "size": [
            4096,
            4096
        ],
        "max_weight": 0.1669921875,
        "min_weight": -0.1630859375,
        "mean_weight": -1.0751427907962352e-06,
        "max_singular_value": 3.6919076442718506,
        "min_singular_value_90": 0.6643015742301941,
        "sum_singular_values_90": 4034.86799544096,
        "num_rank_90": 2723,
        "rank90_ratio": 0.664794921875,
        "compression_factor": 0.33,
        "top_r": 675,
        "avg_p1_error": 0.011611009947955608,
        "relative_p1_error": 71.95130439158712,
        "p2_error": 59.76094055175781
    },
    "layers.28.self_attn.o_proj.weight": {
        "size": [
            4096,
            4096
        ],
        "max_weight": 0.390625,
        "min_weight": -0.78125,
        "mean_weight": 1.5617433746228926e-06,
        "max_singular_value": 6.08236026763916,
        "min_singular_value_90": 0.6522610187530518,
        "sum_singular_values_90": 3992.5974772572517,
        "num_rank_90": 2713,
        "rank90_ratio": 0.662353515625,
        "compression_factor": 0.33,
        "top_r": 675,
        "avg_p1_error": 0.011413133703172207,
        "relative_p1_error": 71.01453163792921,
        "p2_error": 58.75554275512695
    },
    "layers.28.mlp.gate_proj.weight": {
        "size": [
            11008,
            4096
        ],
        "max_weight": 0.287109375,
        "min_weight": -0.3984375,
        "mean_weight": -2.0639336639760586e-07,
        "max_singular_value": 11.481887817382812,
        "min_singular_value_90": 1.2317547798156738,
        "sum_singular_values_90": 7204.330281019211,
        "num_rank_90": 3298,
        "rank90_ratio": 0.80517578125,
        "compression_factor": 0.33,
        "top_r": 985,
        "avg_p1_error": 0.011136086657643318,
        "relative_p1_error": 70.32094458496802,
        "p2_error": 94.00157165527344
    },
    "layers.28.mlp.up_proj.weight": {
        "size": [
            11008,
            4096
        ],
        "max_weight": 0.279296875,
        "min_weight": -0.376953125,
        "mean_weight": -2.807175405905582e-06,
        "max_singular_value": 9.042811393737793,
        "min_singular_value_90": 1.1971135139465332,
        "sum_singular_values_90": 6891.038160324097,
        "num_rank_90": 3315,
        "rank90_ratio": 0.809326171875,
        "compression_factor": 0.33,
        "top_r": 985,
        "avg_p1_error": 0.010801118798553944,
        "relative_p1_error": 71.3783597815865,
        "p2_error": 91.00577545166016
    },
    "layers.28.mlp.down_proj.weight": {
        "size": [
            4096,
            11008
        ],
        "max_weight": 0.56640625,
        "min_weight": -1.0,
        "mean_weight": -1.1943965319005656e-06,
        "max_singular_value": 4.942698955535889,
        "min_singular_value_90": 1.1754696369171143,
        "sum_singular_values_90": 6816.256232976913,
        "num_rank_90": 3306,
        "rank90_ratio": 0.80712890625,
        "compression_factor": 0.33,
        "top_r": 985,
        "avg_p1_error": 0.010622533038258553,
        "relative_p1_error": 70.8180756851374,
        "p2_error": 89.52657318115234
    },
    "layers.29.self_attn.q_proj.weight": {
        "size": [
            4096,
            4096
        ],
        "max_weight": 0.81640625,
        "min_weight": -0.7421875,
        "mean_weight": 2.470821073075058e-06,
        "max_singular_value": 13.283495903015137,
        "min_singular_value_90": 0.595421314239502,
        "sum_singular_values_90": 3849.8684411644936,
        "num_rank_90": 2548,
        "rank90_ratio": 0.6220703125,
        "compression_factor": 0.33,
        "top_r": 675,
        "avg_p1_error": 0.010213397443294525,
        "relative_p1_error": 62.032107098477994,
        "p2_error": 53.49679946899414
    },
    "layers.29.self_attn.k_proj.weight": {
        "size": [
            4096,
            4096
        ],
        "max_weight": 0.328125,
        "min_weight": -0.3671875,
        "mean_weight": -3.2432799343951046e-06,
        "max_singular_value": 14.180398941040039,
        "min_singular_value_90": 0.6084287762641907,
        "sum_singular_values_90": 3921.8765285015106,
        "num_rank_90": 2561,
        "rank90_ratio": 0.625244140625,
        "compression_factor": 0.33,
        "top_r": 675,
        "avg_p1_error": 0.0104962894693017,
        "relative_p1_error": 63.27269760982765,
        "p2_error": 54.886905670166016
    },
    "layers.29.self_attn.v_proj.weight": {
        "size": [
            4096,
            4096
        ],
        "max_weight": 0.1240234375,
        "min_weight": -0.130859375,
        "mean_weight": 2.3285292627406307e-07,
        "max_singular_value": 4.772663593292236,
        "min_singular_value_90": 0.6592325568199158,
        "sum_singular_values_90": 4030.251043319702,
        "num_rank_90": 2711,
        "rank90_ratio": 0.661865234375,
        "compression_factor": 0.33,
        "top_r": 675,
        "avg_p1_error": 0.011543338187038898,
        "relative_p1_error": 71.13429639370034,
        "p2_error": 59.462364196777344
    },
    "layers.29.self_attn.o_proj.weight": {
        "size": [
            4096,
            4096
        ],
        "max_weight": 0.6328125,
        "min_weight": -0.5859375,
        "mean_weight": -8.717272521607811e-07,
        "max_singular_value": 6.856410026550293,
        "min_singular_value_90": 0.667652428150177,
        "sum_singular_values_90": 4056.85600733757,
        "num_rank_90": 2722,
        "rank90_ratio": 0.66455078125,
        "compression_factor": 0.33,
        "top_r": 675,
        "avg_p1_error": 0.011680558323860168,
        "relative_p1_error": 71.74094445256699,
        "p2_error": 60.08629608154297
    },
    "layers.29.mlp.gate_proj.weight": {
        "size": [
            11008,
            4096
        ],
        "max_weight": 0.46484375,
        "min_weight": -0.384765625,
        "mean_weight": -1.2868611065641744e-06,
        "max_singular_value": 12.056812286376953,
        "min_singular_value_90": 1.2333980798721313,
        "sum_singular_values_90": 7219.138113737106,
        "num_rank_90": 3300,
        "rank90_ratio": 0.8056640625,
        "compression_factor": 0.33,
        "top_r": 985,
        "avg_p1_error": 0.011153064668178558,
        "relative_p1_error": 70.42992824629272,
        "p2_error": 94.20063781738281
    },
    "layers.29.mlp.up_proj.weight": {
        "size": [
            11008,
            4096
        ],
        "max_weight": 0.546875,
        "min_weight": -0.51171875,
        "mean_weight": -4.699329849700007e-07,
        "max_singular_value": 11.305863380432129,