{
    "layers.20.self_attn.q_proj.weight": {
        "size": [
            4096,
            4096
        ],
        "max_weight": 0.8828125,
        "min_weight": -1.0546875,
        "mean_weight": 2.494240561645711e-06,
        "max_singular_value": 13.330859184265137,
        "min_singular_value_90": 0.6168302297592163,
        "sum_singular_values_90": 4042.3022362589836,
        "num_rank_90": 2509,
        "rank90_ratio": 0.612548828125,
        "compression_factor": 0.33,
        "top_r": 675,
        "avg_p1_error": 0.010542997159063816,
        "relative_p1_error": 60.28602647621312,
        "p2_error": 55.3818473815918
    },
    "layers.20.self_attn.k_proj.weight": {
        "size": [
            4096,
            4096
        ],
        "max_weight": 0.328125,
        "min_weight": -0.328125,
        "mean_weight": 2.4919436327763833e-06,
        "max_singular_value": 14.216160774230957,
        "min_singular_value_90": 0.6282879114151001,
        "sum_singular_values_90": 4113.878060460091,
        "num_rank_90": 2515,
        "rank90_ratio": 0.614013671875,
        "compression_factor": 0.33,
        "top_r": 675,
        "avg_p1_error": 0.010773217305541039,
        "relative_p1_error": 60.83008840399118,
        "p2_error": 56.54642105102539
    },
    "layers.20.self_attn.v_proj.weight": {
        "size": [
            4096,
            4096
        ],
        "max_weight": 0.126953125,
        "min_weight": -0.1630859375,
        "mean_weight": -3.923665644833818e-06,
        "max_singular_value": 2.747546672821045,
        "min_singular_value_90": 0.5537513494491577,
        "sum_singular_values_90": 3411.715382874012,
        "num_rank_90": 2692,
        "rank90_ratio": 0.6572265625,
        "compression_factor": 0.33,
        "top_r": 675,
        "avg_p1_error": 0.009730375371873379,
        "relative_p1_error": 70.2923204514786,
        "p2_error": 50.09041976928711
    },
    "layers.20.self_attn.o_proj.weight": {
        "size": [
            4096,
            4096
        ],
        "max_weight": 0.57421875,
        "min_weight": -0.578125,
        "mean_weight": -4.534980462267413e-07,
        "max_singular_value": 6.58378791809082,
        "min_singular_value_90": 0.5657591819763184,
        "sum_singular_values_90": 3430.651701748371,
        "num_rank_90": 2725,
        "rank90_ratio": 0.665283203125,
        "compression_factor": 0.33,
        "top_r": 675,
        "avg_p1_error": 0.009926056489348412,
        "relative_p1_error": 72.26882482711764,
        "p2_error": 51.0217399597168
    },
    "layers.20.mlp.gate_proj.weight": {
        "size": [
            11008,
            4096
        ],
        "max_weight": 0.287109375,
        "min_weight": -0.322265625,
        "mean_weight": -3.697322608786635e-05,
        "max_singular_value": 12.739506721496582,
        "min_singular_value_90": 1.1789103746414185,
        "sum_singular_values_90": 6991.635853648186,
        "num_rank_90": 3259,
        "rank90_ratio": 0.795654296875,
        "compression_factor": 0.33,
        "top_r": 985,
        "avg_p1_error": 0.01065866369754076,
        "relative_p1_error": 68.13294357766367,
        "p2_error": 89.96568298339844
    },
    "layers.20.mlp.up_proj.weight": {
        "size": [
            11008,
            4096
        ],
        "max_weight": 0.30859375,
        "min_weight": -0.318359375,
        "mean_weight": -4.954233290277443e-08,
        "max_singular_value": 6.109983444213867,
        "min_singular_value_90": 1.1452054977416992,
        "sum_singular_values_90": 6649.605748653412,
        "num_rank_90": 3282,
        "rank90_ratio": 0.80126953125,
        "compression_factor": 0.33,
        "top_r": 985,
        "avg_p1_error": 0.010342932306230068,
        "relative_p1_error": 70.30706306975199,
        "p2_error": 87.18721771240234
    },
    "layers.20.mlp.down_proj.weight": {
        "size": [
            4096,
            11008
        ],
        "max_weight": 1.109375,
        "min_weight": -0.55078125,
        "mean_weight": -3.3852737146844447e-07,
        "max_singular_value": 5.163437366485596,
        "min_singular_value_90": 1.1737865209579468,
        "sum_singular_values_90": 6668.846589446068,
        "num_rank_90": 3314,
        "rank90_ratio": 0.80908203125,
        "compression_factor": 0.33,
        "top_r": 985,
        "avg_p1_error": 0.010551595129072666,
        "relative_p1_error": 72.374801890101,
        "p2_error": 88.9183120727539
    },
    "layers.21.self_attn.q_proj.weight": {
        "size": [
            4096,
            4096
        ],
        "max_weight": 0.94140625,
        "min_weight": -0.71484375,
        "mean_weight": -6.459309247475176e-07,
        "max_singular_value": 12.782441139221191,
        "min_singular_value_90": 0.615481972694397,
        "sum_singular_values_90": 3996.2721711993217,
        "num_rank_90": 2524,
        "rank90_ratio": 0.6162109375,
        "compression_factor": 0.33,
        "top_r": 675,
        "avg_p1_error": 0.010541367344558239,
        "relative_p1_error": 61.72242132218858,
        "p2_error": 55.442955017089844
    },
    "layers.21.self_attn.k_proj.weight": {
        "size": [
            4096,
            4096
        ],
        "max_weight": 0.375,
        "min_weight": -0.310546875,
        "mean_weight": 2.182164848818502e-07,
        "max_singular_value": 13.341496467590332,
        "min_singular_value_90": 0.6228745579719543,
        "sum_singular_values_90": 4048.969227194786,
        "num_rank_90": 2527,
        "rank90_ratio": 0.616943359375,
        "compression_factor": 0.33,
        "top_r": 675,
        "avg_p1_error": 0.010729994624853134,
        "relative_p1_error": 62.47146658164524,
        "p2_error": 56.418785095214844
    },
    "layers.21.self_attn.v_proj.weight": {
        "size": [
            4096,
            4096
        ],
        "max_weight": 0.1796875,
        "min_weight": -0.1728515625,
        "mean_weight": -2.0047809812240303e-06,
        "max_singular_value": 3.213428497314453,
        "min_singular_value_90": 0.5664616823196411,
        "sum_singular_values_90": 3500.3063731193542,
        "num_rank_90": 2686,
        "rank90_ratio": 0.65576171875,
        "compression_factor": 0.33,
        "top_r": 675,
        "avg_p1_error": 0.009910006076097488,
        "relative_p1_error": 69.47704893799398,
        "p2_error": 51.07260513305664
    },
    "layers.21.self_attn.o_proj.weight": {
        "size": [
            4096,
            4096
        ],
        "max_weight": 0.5390625,
        "min_weight": -0.55078125,
        "mean_weight": -1.2349382814136334e-06,
        "max_singular_value": 5.629275321960449,
        "min_singular_value_90": 0.5843330025672913,
        "sum_singular_values_90": 3525.1838470697403,
        "num_rank_90": 2740,
        "rank90_ratio": 0.6689453125,
        "compression_factor": 0.33,
        "top_r": 675,
        "avg_p1_error": 0.01022250484675169,
        "relative_p1_error": 72.71397110183783,
        "p2_error": 52.51658248901367
    },
    "layers.21.mlp.gate_proj.weight": {
        "size": [
            11008,
            4096
        ],
        "max_weight": 0.28515625,
        "min_weight": -0.296875,
        "mean_weight": -3.8682039303239435e-05,
        "max_singular_value": 12.136713981628418,
        "min_singular_value_90": 1.189233422279358,
        "sum_singular_values_90": 7048.609345316887,
        "num_rank_90": 3261,
        "rank90_ratio": 0.796142578125,
        "compression_factor": 0.33,
        "top_r": 985,
        "avg_p1_error": 0.010752392001450062,
        "relative_p1_error": 68.2284306712727,
        "p2_error": 90.72638702392578
    },
    "layers.21.mlp.up_proj.weight": {
        "size": [
            11008,
            4096
        ],
        "max_weight": 0.201171875,
        "min_weight": -0.2333984375,
        "mean_weight": -1.360055875920807e-06,
        "max_singular_value": 5.696828842163086,