{
    "layers.24.self_attn.q_proj.weight": {
        "size": [
            4096,
            4096
        ],
        "max_singular_value": 12.386645317077637,
        "min_singular_value_90": 0.5983439683914185,
        "sum_singular_values_90": 3906.3872698545456,
        "num_rank_90": 2496,
        "rank90_ratio": 0.609375,
        "reconstruction_error": 54.28749084472656
    },
    "layers.24.self_attn.k_proj.weight": {
        "size": [
            4096,
            4096
        ],
        "max_singular_value": 13.172679901123047,
        "min_singular_value_90": 0.6057060956954956,
        "sum_singular_values_90": 3945.788922071457,
        "num_rank_90": 2508,
        "rank90_ratio": 0.6123046875,
        "reconstruction_error": 55.03120422363281
    },
    "layers.24.self_attn.v_proj.weight": {
        "size": [
            4096,
            4096
        ],
        "max_singular_value": 3.218632221221924,
        "min_singular_value_90": 0.5936068296432495,
        "sum_singular_values_90": 3657.5903173089027,
        "num_rank_90": 2701,
        "rank90_ratio": 0.659423828125,
        "reconstruction_error": 53.40787124633789
    },
    "layers.24.self_attn.o_proj.weight": {
        "size": [
            4096,
            4096
        ],
        "max_singular_value": 6.672455787658691,
        "min_singular_value_90": 0.6070778965950012,
        "sum_singular_values_90": 3659.5016545057297,
        "num_rank_90": 2742,
        "rank90_ratio": 0.66943359375,
        "reconstruction_error": 54.508941650390625
    },
    "layers.24.mlp.gate_proj.weight": {
        "size": [
            11008,
            4096
        ],
        "max_singular_value": 10.873128890991211,
        "min_singular_value_90": 1.2130526304244995,
        "sum_singular_values_90": 7148.595633625984,
        "num_rank_90": 3276,
        "rank90_ratio": 0.7998046875,
        "reconstruction_error": 92.53636169433594
    },
    "layers.24.mlp.up_proj.weight": {
        "size": [
            11008,
            4096
        ],
        "max_singular_value": 4.689720153808594,
        "min_singular_value_90": 1.1595572233200073,
        "sum_singular_values_90": 6714.639533996582,
        "num_rank_90": 3294,
        "rank90_ratio": 0.80419921875,
        "reconstruction_error": 88.35911560058594
    },
    "layers.24.mlp.down_proj.weight": {
        "size": [
            4096,
            11008
        ],
        "max_singular_value": 5.610479831695557,
        "min_singular_value_90": 1.1577612161636353,
        "sum_singular_values_90": 6690.815633177757,
        "num_rank_90": 3294,
        "rank90_ratio": 0.80419921875,
        "reconstruction_error": 88.33232879638672
    },
    "layers.25.self_attn.q_proj.weight": {
        "size": [
            4096,
            4096
        ],
        "max_singular_value": 11.857540130615234,
        "min_singular_value_90": 0.6472030878067017,
        "sum_singular_values_90": 4105.490893244743,
        "num_rank_90": 2577,
        "rank90_ratio": 0.629150390625,
        "reconstruction_error": 58.38092041015625
    },
    "layers.25.self_attn.k_proj.weight": {
        "size": [
            4096,
            4096
        ],
        "max_singular_value": 12.294865608215332,
        "min_singular_value_90": 0.6571007966995239,
        "sum_singular_values_90": 4150.303739368916,
        "num_rank_90": 2590,
        "rank90_ratio": 0.63232421875,
        "reconstruction_error": 59.42485427856445
    },
    "layers.25.self_attn.v_proj.weight": {
        "size": [
            4096,
            4096
        ],
        "max_singular_value": 3.182720899581909,
        "min_singular_value_90": 0.6257818341255188,
        "sum_singular_values_90": 3822.5859082341194,
        "num_rank_90": 2713,
        "rank90_ratio": 0.662353515625,
        "reconstruction_error": 56.2987060546875
    },
    "layers.25.self_attn.o_proj.weight": {
        "size": [
            4096,
            4096
        ],
        "max_singular_value": 4.8219780921936035,
        "min_singular_value_90": 0.6196541786193848,
        "sum_singular_values_90": 3779.9192447066307,
        "num_rank_90": 2721,
        "rank90_ratio": 0.664306640625,
        "reconstruction_error": 55.82193374633789
    },
    "layers.25.mlp.gate_proj.weight": {
        "size": [
            11008,
            4096
        ],
        "max_singular_value": 10.787707328796387,
        "min_singular_value_90": 1.223145842552185,
        "sum_singular_values_90": 7183.075314164162,
        "num_rank_90": 3282,
        "rank90_ratio": 0.80126953125,
        "reconstruction_error": 93.32196807861328
    },
    "layers.25.mlp.up_proj.weight": {
        "size": [
            11008,
            4096
        ],
        "max_singular_value": 4.954108238220215,
        "min_singular_value_90": 1.1704813241958618,
        "sum_singular_values_90": 6756.541602134705,
        "num_rank_90": 3299,
        "rank90_ratio": 0.805419921875,
        "reconstruction_error": 89.13854217529297
    },
    "layers.25.mlp.down_proj.weight": {
        "size": [
            4096,
            11008
        ],
        "max_singular_value": 5.314708232879639,
        "min_singular_value_90": 1.1523514986038208,
        "sum_singular_values_90": 6697.752170801163,
        "num_rank_90": 3290,
        "rank90_ratio": 0.80322265625,
        "reconstruction_error": 87.86615753173828
    },
    "layers.26.self_attn.q_proj.weight": {
        "size": [
            4096,
            4096
        ],
        "max_singular_value": 12.879018783569336,
        "min_singular_value_90": 0.6112529039382935,
        "sum_singular_values_90": 3930.403517127037,
        "num_rank_90": 2530,
        "rank90_ratio": 0.61767578125,
        "reconstruction_error": 54.8580436706543
    },
    "layers.26.self_attn.k_proj.weight": {
        "size": [
            4096,
            4096
        ],
        "max_singular_value": 13.287988662719727,
        "min_singular_value_90": 0.6229580044746399,
        "sum_singular_values_90": 3992.687655031681,
        "num_rank_90": 2545,
        "rank90_ratio": 0.621337890625,
        "reconstruction_error": 56.19087600708008
    },
    "layers.26.self_attn.v_proj.weight": {
        "size": [
            4096,
            4096
        ],
        "max_singular_value": 3.6408743858337402,
        "min_singular_value_90": 0.6268051862716675,
        "sum_singular_values_90": 3854.0545625686646,
        "num_rank_90": 2702,
        "rank90_ratio": 0.65966796875,
        "reconstruction_error": 56.26410675048828
    },
    "layers.26.self_attn.o_proj.weight": {
        "size": [
            4096,
            4096
        ],
        "max_singular_value": 6.850986003875732,
        "min_singular_value_90": 0.6338270306587219,
        "sum_singular_values_90": 3865.0908699035645,
        "num_rank_90": 2723,
        "rank90_ratio": 0.664794921875,
        "reconstruction_error": 57.02241897583008
    },
    "layers.26.mlp.gate_proj.weight": {
        "size": [
            11008,
            4096
        ],
        "max_singular_value": 11.18066692352295,
        "min_singular_value_90": 1.2303487062454224,
        "sum_singular_values_90": 7215.750998616219,
        "num_rank_90": 3287,
        "rank90_ratio": 0.802490234375,
        "reconstruction_error": 93.94252014160156
    },
    "layers.26.mlp.up_proj.weight": {
        "size": [
            11008,
            4096
        ],
        "max_singular_value": 5.858986854553223,
        "min_singular_value_90": 1.1789640188217163,
        "sum_singular_values_90": 6790.470711827278,
        "num_rank_90": 3306,
        "rank90_ratio": 0.80712890625,
        "reconstruction_error": 89.73579406738281
    },
    "layers.26.mlp.down_proj.weight": {
        "size": [
            4096,
            11008
        ],
        "max_singular_value": 5.00725793838501,
        "min_singular_value_90": 1.1528160572052002,
        "sum_singular_values_90": 6712.192936062813,