{
    "layers.16.self_attn.q_proj.weight": {
        "size": [
            4096,
            4096
        ],
        "max_weight": 0.7578125,
        "min_weight": -1.0,
        "mean_weight": -2.468572120051249e-07,
        "max_singular_value": 12.96548843383789,
        "min_singular_value_90": 0.6029102206230164,
        "sum_singular_values_90": 4064.7903910279274,
        "num_rank_90": 2472,
        "rank90_ratio": 0.603515625,
        "compression_factor": 0.5,
        "top_r": 1024,
        "avg_p1_error": 0.008135057985782623,
        "relative_p1_error": 45.028097481031395,
        "p2_error": 42.22945022583008
    },
    "layers.16.self_attn.k_proj.weight": {
        "size": [
            4096,
            4096
        ],
        "max_weight": 0.2734375,
        "min_weight": -0.2890625,
        "mean_weight": 1.1878876193804899e-07,
        "max_singular_value": 14.677522659301758,
        "min_singular_value_90": 0.6197113394737244,
        "sum_singular_values_90": 4174.309208273888,
        "num_rank_90": 2482,
        "rank90_ratio": 0.60595703125,
        "compression_factor": 0.5,
        "top_r": 1024,
        "avg_p1_error": 0.008445252664387226,
        "relative_p1_error": 45.8200794967443,
        "p2_error": 43.7957649230957
    },
    "layers.16.self_attn.v_proj.weight": {
        "size": [
            4096,
            4096
        ],
        "max_weight": 0.2421875,
        "min_weight": -0.2060546875,
        "mean_weight": -1.8520017874834593e-06,
        "max_singular_value": 2.8351595401763916,
        "min_singular_value_90": 0.5052359104156494,
        "sum_singular_values_90": 3158.457858622074,
        "num_rank_90": 2669,
        "rank90_ratio": 0.651611328125,
        "compression_factor": 0.5,
        "top_r": 1024,
        "avg_p1_error": 0.007336796261370182,
        "relative_p1_error": 56.819706302381604,
        "p2_error": 37.761226654052734
    },
    "layers.16.self_attn.o_proj.weight": {
        "size": [
            4096,
            4096
        ],
        "max_weight": 0.39453125,
        "min_weight": -0.42578125,
        "mean_weight": -4.782436917594168e-07,
        "max_singular_value": 5.012319564819336,
        "min_singular_value_90": 0.4982801675796509,
        "sum_singular_values_90": 3114.705624639988,
        "num_rank_90": 2640,
        "rank90_ratio": 0.64453125,
        "compression_factor": 0.5,
        "top_r": 1024,
        "avg_p1_error": 0.00727897509932518,
        "relative_p1_error": 56.876764995814874,
        "p2_error": 37.465980529785156
    },
    "layers.16.mlp.gate_proj.weight": {
        "size": [
            11008,
            4096
        ],
        "max_weight": 0.369140625,
        "min_weight": -0.474609375,
        "mean_weight": -2.0099216271773912e-05,
        "max_singular_value": 13.482868194580078,
        "min_singular_value_90": 1.1225231885910034,
        "sum_singular_values_90": 6744.124993085861,
        "num_rank_90": 3246,
        "rank90_ratio": 0.79248046875,
        "compression_factor": 0.5,
        "top_r": 1492,
        "avg_p1_error": 0.008384117856621742,
        "relative_p1_error": 55.35390331317508,
        "p2_error": 70.74287414550781
    },
    "layers.16.mlp.up_proj.weight": {
        "size": [
            11008,
            4096
        ],
        "max_weight": 0.365234375,
        "min_weight": -0.462890625,
        "mean_weight": -4.41872970213808e-07,
        "max_singular_value": 7.069870948791504,
        "min_singular_value_90": 1.1470463275909424,
        "sum_singular_values_90": 6683.291651010513,
        "num_rank_90": 3281,
        "rank90_ratio": 0.801025390625,
        "compression_factor": 0.5,
        "top_r": 1492,
        "avg_p1_error": 0.008585691452026367,
        "relative_p1_error": 58.012414363276974,
        "p2_error": 72.4494400024414
    },
    "layers.16.mlp.down_proj.weight": {
        "size": [
            4096,
            11008
        ],
        "max_weight": 0.474609375,
        "min_weight": -0.76953125,
        "mean_weight": -2.1200619357841788e-06,
        "max_singular_value": 5.469715118408203,
        "min_singular_value_90": 1.1487336158752441,
        "sum_singular_values_90": 6626.606301188469,
        "num_rank_90": 3304,
        "rank90_ratio": 0.806640625,
        "compression_factor": 0.5,
        "top_r": 1492,
        "avg_p1_error": 0.00862016249448061,
        "relative_p1_error": 59.201303629626324,
        "p2_error": 72.7883071899414
    },
    "layers.17.self_attn.q_proj.weight": {
        "size": [
            4096,
            4096
        ],
        "max_weight": 0.9453125,
        "min_weight": -0.796875,
        "mean_weight": 6.133629995019874e-06,
        "max_singular_value": 12.89947509765625,
        "min_singular_value_90": 0.6366953253746033,
        "sum_singular_values_90": 4179.502478778362,
        "num_rank_90": 2520,
        "rank90_ratio": 0.615234375,
        "compression_factor": 0.5,
        "top_r": 1024,
        "avg_p1_error": 0.008816249668598175,
        "relative_p1_error": 48.812308504637144,
        "p2_error": 45.74920654296875
    },
    "layers.17.self_attn.k_proj.weight": {
        "size": [
            4096,
            4096
        ],
        "max_weight": 0.279296875,
        "min_weight": -0.306640625,
        "mean_weight": 8.074047400441486e-06,
        "max_singular_value": 14.373127937316895,
        "min_singular_value_90": 0.6472333669662476,
        "sum_singular_values_90": 4249.775348365307,
        "num_rank_90": 2525,
        "rank90_ratio": 0.616455078125,
        "compression_factor": 0.5,
        "top_r": 1024,
        "avg_p1_error": 0.008971421048045158,
        "relative_p1_error": 48.87251651966846,
        "p2_error": 46.5276985168457
    },
    "layers.17.self_attn.v_proj.weight": {
        "size": [
            4096,
            4096
        ],
        "max_weight": 0.2138671875,
        "min_weight": -0.1962890625,
        "mean_weight": -7.982883289514575e-06,
        "max_singular_value": 2.890080213546753,
        "min_singular_value_90": 0.5144304037094116,
        "sum_singular_values_90": 3177.3024730682373,
        "num_rank_90": 2689,
        "rank90_ratio": 0.656494140625,
        "compression_factor": 0.5,
        "top_r": 1024,
        "avg_p1_error": 0.007498938590288162,
        "relative_p1_error": 58.190733854809714,
        "p2_error": 38.58453369140625
    },
    "layers.17.self_attn.o_proj.weight": {
        "size": [
            4096,
            4096
        ],
        "max_weight": 0.498046875,
        "min_weight": -0.490234375,
        "mean_weight": 1.2526526006695349e-05,
        "max_singular_value": 5.453084468841553,
        "min_singular_value_90": 0.5086054801940918,
        "sum_singular_values_90": 3147.033394396305,
        "num_rank_90": 2676,
        "rank90_ratio": 0.6533203125,
        "compression_factor": 0.5,
        "top_r": 1024,
        "avg_p1_error": 0.0074335685931146145,
        "relative_p1_error": 58.04312016257852,
        "p2_error": 38.23648452758789
    },
    "layers.17.mlp.gate_proj.weight": {
        "size": [
            11008,
            4096
        ],
        "max_weight": 0.34375,
        "min_weight": -0.404296875,
        "mean_weight": -5.0531387387309223e-05,
        "max_singular_value": 13.921015739440918,
        "min_singular_value_90": 1.139291524887085,
        "sum_singular_values_90": 6815.156232714653,
        "num_rank_90": 3246,
        "rank90_ratio": 0.79248046875,
        "compression_factor": 0.5,
        "top_r": 1492,
        "avg_p1_error": 0.008500045165419579,
        "relative_p1_error": 55.52401620935426,
        "p2_error": 71.69483184814453
    },
    "layers.17.mlp.up_proj.weight": {
        "size": [
            11008,
            4096
        ],
        "max_weight": 0.33984375,
        "min_weight": -0.2734375,
        "mean_weight": 3.333822746753867e-07,
        "max_singular_value": 6.525723934173584,