{
    "layers.8.self_attn.q_proj.weight": {
        "size": [
            4096,
            4096
        ],
        "max_singular_value": 11.970708847045898,
        "min_singular_value_90": 0.6245020031929016,
        "sum_singular_values_90": 4261.184398531914,
        "num_rank_90": 2427,
        "rank90_ratio": 0.592529296875,
        "reconstruction_error": 55.45417022705078
    },
    "layers.8.self_attn.k_proj.weight": {
        "size": [
            4096,
            4096
        ],
        "max_singular_value": 14.275406837463379,
        "min_singular_value_90": 0.6435376405715942,
        "sum_singular_values_90": 4361.288071036339,
        "num_rank_90": 2438,
        "rank90_ratio": 0.59521484375,
        "reconstruction_error": 57.90471267700195
    },
    "layers.8.self_attn.v_proj.weight": {
        "size": [
            4096,
            4096
        ],
        "max_singular_value": 3.374553918838501,
        "min_singular_value_90": 0.4105616509914398,
        "sum_singular_values_90": 2643.845373660326,
        "num_rank_90": 2596,
        "rank90_ratio": 0.6337890625,
        "reconstruction_error": 36.954566955566406
    },
    "layers.8.self_attn.o_proj.weight": {
        "size": [
            4096,
            4096
        ],
        "max_singular_value": 4.93906831741333,
        "min_singular_value_90": 0.41297924518585205,
        "sum_singular_values_90": 2630.9258963763714,
        "num_rank_90": 2601,
        "rank90_ratio": 0.635009765625,
        "reconstruction_error": 37.412818908691406
    },
    "layers.8.mlp.gate_proj.weight": {
        "size": [
            11008,
            4096
        ],
        "max_singular_value": 12.9481782913208,
        "min_singular_value_90": 1.1308557987213135,
        "sum_singular_values_90": 6840.339342355728,
        "num_rank_90": 3262,
        "rank90_ratio": 0.79638671875,
        "reconstruction_error": 86.48411560058594
    },
    "layers.8.mlp.up_proj.weight": {
        "size": [
            11008,
            4096
        ],
        "max_singular_value": 5.374046325683594,
        "min_singular_value_90": 1.094049334526062,
        "sum_singular_values_90": 6373.755632638931,
        "num_rank_90": 3301,
        "rank90_ratio": 0.805908203125,
        "reconstruction_error": 83.31282043457031
    },
    "layers.8.mlp.down_proj.weight": {
        "size": [
            4096,
            11008
        ],
        "max_singular_value": 7.060575008392334,
        "min_singular_value_90": 1.0329158306121826,
        "sum_singular_values_90": 6205.106923818588,
        "num_rank_90": 3259,
        "rank90_ratio": 0.795654296875,
        "reconstruction_error": 79.03972625732422
    },
    "layers.9.self_attn.q_proj.weight": {
        "size": [
            4096,
            4096
        ],
        "max_singular_value": 12.231813430786133,
        "min_singular_value_90": 0.6422804594039917,
        "sum_singular_values_90": 4346.131695985794,
        "num_rank_90": 2456,
        "rank90_ratio": 0.599609375,
        "reconstruction_error": 57.479522705078125
    },
    "layers.9.self_attn.k_proj.weight": {
        "size": [
            4096,
            4096
        ],
        "max_singular_value": 14.207854270935059,
        "min_singular_value_90": 0.6633133292198181,
        "sum_singular_values_90": 4471.022917151451,
        "num_rank_90": 2460,
        "rank90_ratio": 0.6005859375,
        "reconstruction_error": 59.62212371826172
    },
    "layers.9.self_attn.v_proj.weight": {
        "size": [
            4096,
            4096
        ],
        "max_singular_value": 3.2388343811035156,
        "min_singular_value_90": 0.41738080978393555,
        "sum_singular_values_90": 2697.67711392045,
        "num_rank_90": 2590,
        "rank90_ratio": 0.63232421875,
        "reconstruction_error": 37.78904724121094
    },
    "layers.9.self_attn.o_proj.weight": {
        "size": [
            4096,
            4096
        ],
        "max_singular_value": 5.123231410980225,
        "min_singular_value_90": 0.4202806055545807,
        "sum_singular_values_90": 2682.444788277149,
        "num_rank_90": 2602,
        "rank90_ratio": 0.63525390625,
        "reconstruction_error": 37.97706604003906
    },
    "layers.9.mlp.gate_proj.weight": {
        "size": [
            11008,
            4096
        ],
        "max_singular_value": 13.032917022705078,
        "min_singular_value_90": 1.1149977445602417,
        "sum_singular_values_90": 6764.8130259513855,
        "num_rank_90": 3260,
        "rank90_ratio": 0.7958984375,
        "reconstruction_error": 85.32233428955078
    },
    "layers.9.mlp.up_proj.weight": {
        "size": [
            11008,
            4096
        ],
        "max_singular_value": 5.377055644989014,
        "min_singular_value_90": 1.0970041751861572,
        "sum_singular_values_90": 6404.893105387688,
        "num_rank_90": 3297,
        "rank90_ratio": 0.804931640625,
        "reconstruction_error": 83.4988021850586
    },
    "layers.9.mlp.down_proj.weight": {
        "size": [
            4096,
            11008
        ],
        "max_singular_value": 7.09415340423584,
        "min_singular_value_90": 1.0408674478530884,
        "sum_singular_values_90": 6253.416507720947,
        "num_rank_90": 3261,
        "rank90_ratio": 0.796142578125,
        "reconstruction_error": 79.73578643798828
    },
    "layers.10.self_attn.q_proj.weight": {
        "size": [
            4096,
            4096
        ],
        "max_singular_value": 12.092194557189941,
        "min_singular_value_90": 0.6059997081756592,
        "sum_singular_values_90": 4215.0340376496315,
        "num_rank_90": 2416,
        "rank90_ratio": 0.58984375,
        "reconstruction_error": 54.1822509765625
    },
    "layers.10.self_attn.k_proj.weight": {
        "size": [
            4096,
            4096
        ],
        "max_singular_value": 14.311296463012695,
        "min_singular_value_90": 0.6378849148750305,
        "sum_singular_values_90": 4385.9779715538025,
        "num_rank_90": 2428,
        "rank90_ratio": 0.5927734375,
        "reconstruction_error": 57.351470947265625
    },
    "layers.10.self_attn.v_proj.weight": {
        "size": [
            4096,
            4096
        ],
        "max_singular_value": 3.2254672050476074,
        "min_singular_value_90": 0.40990978479385376,
        "sum_singular_values_90": 2659.686103284359,
        "num_rank_90": 2592,
        "rank90_ratio": 0.6328125,
        "reconstruction_error": 36.90791702270508
    },
    "layers.10.self_attn.o_proj.weight": {
        "size": [
            4096,
            4096
        ],
        "max_singular_value": 4.304773330688477,
        "min_singular_value_90": 0.40599119663238525,
        "sum_singular_values_90": 2628.068075031042,
        "num_rank_90": 2552,
        "rank90_ratio": 0.623046875,
        "reconstruction_error": 36.812923431396484
    },
    "layers.10.mlp.gate_proj.weight": {
        "size": [
            11008,
            4096
        ],
        "max_singular_value": 13.196123123168945,
        "min_singular_value_90": 1.099291205406189,
        "sum_singular_values_90": 6722.844353556633,
        "num_rank_90": 3255,
        "rank90_ratio": 0.794677734375,
        "reconstruction_error": 84.38536071777344
    },
    "layers.10.mlp.up_proj.weight": {
        "size": [
            11008,
            4096
        ],
        "max_singular_value": 5.590380668640137,
        "min_singular_value_90": 1.0977357625961304,
        "sum_singular_values_90": 6456.2024487257,
        "num_rank_90": 3296,
        "rank90_ratio": 0.8046875,
        "reconstruction_error": 83.73939514160156
    },
    "layers.10.mlp.down_proj.weight": {
        "size": [
            4096,
            11008
        ],
        "max_singular_value": 7.071910858154297,
        "min_singular_value_90": 1.0440964698791504,
        "sum_singular_values_90": 6288.568378210068,
        "num_rank_90": 3253,