{
    "layers.0.self_attn.q_proj.weight": {
        "size": [
            4096,
            4096
        ],
        "max_singular_value": 21.830995559692383,
        "min_singular_value_90": 0.11969555169343948,
        "sum_singular_values_90": 815.2878287434578,
        "num_rank_90": 1104,
        "rank90_ratio": 0.26953125,
        "reconstruction_error": 4.308402061462402
    },
    "layers.0.self_attn.k_proj.weight": {
        "size": [
            4096,
            4096
        ],
        "max_singular_value": 18.59587860107422,
        "min_singular_value_90": 0.13507956266403198,
        "sum_singular_values_90": 909.4659634232521,
        "num_rank_90": 983,
        "rank90_ratio": 0.239990234375,
        "reconstruction_error": 4.072249412536621
    },
    "layers.0.self_attn.v_proj.weight": {
        "size": [
            4096,
            4096
        ],
        "max_singular_value": 4.031841278076172,
        "min_singular_value_90": 0.24206659197807312,
        "sum_singular_values_90": 1759.2389539033175,
        "num_rank_90": 2332,
        "rank90_ratio": 0.5693359375,
        "reconstruction_error": 21.293041229248047
    },
    "layers.0.self_attn.o_proj.weight": {
        "size": [
            4096,
            4096
        ],
        "max_singular_value": 4.386460781097412,
        "min_singular_value_90": 0.16008831560611725,
        "sum_singular_values_90": 1141.9698255062103,
        "num_rank_90": 2374,
        "rank90_ratio": 0.57958984375,
        "reconstruction_error": 13.949463844299316
    },
    "layers.0.mlp.gate_proj.weight": {
        "size": [
            11008,
            4096
        ],
        "max_singular_value": 11.770654678344727,
        "min_singular_value_90": 0.802753746509552,
        "sum_singular_values_90": 5360.619599878788,
        "num_rank_90": 3139,
        "rank90_ratio": 0.766357421875,
        "reconstruction_error": 63.487396240234375
    },
    "layers.0.mlp.up_proj.weight": {
        "size": [
            11008,
            4096
        ],
        "max_singular_value": 10.583475112915039,
        "min_singular_value_90": 0.809674859046936,
        "sum_singular_values_90": 5364.666486263275,
        "num_rank_90": 3145,
        "rank90_ratio": 0.767822265625,
        "reconstruction_error": 64.4141845703125
    },
    "layers.0.mlp.down_proj.weight": {
        "size": [
            4096,
            11008
        ],
        "max_singular_value": 8.896803855895996,
        "min_singular_value_90": 0.9451122879981995,
        "sum_singular_values_90": 5904.798850893974,
        "num_rank_90": 3229,
        "rank90_ratio": 0.788330078125,
        "reconstruction_error": 75.0496826171875
    },
    "layers.1.self_attn.q_proj.weight": {
        "size": [
            4096,
            4096
        ],
        "max_singular_value": 18.420984268188477,
        "min_singular_value_90": 0.3910425901412964,
        "sum_singular_values_90": 2938.6585255265236,
        "num_rank_90": 1561,
        "rank90_ratio": 0.381103515625,
        "reconstruction_error": 23.9652156829834
    },
    "layers.1.self_attn.k_proj.weight": {
        "size": [
            4096,
            4096
        ],
        "max_singular_value": 20.146793365478516,
        "min_singular_value_90": 0.38584262132644653,
        "sum_singular_values_90": 2856.1322226524353,
        "num_rank_90": 1460,
        "rank90_ratio": 0.3564453125,
        "reconstruction_error": 22.235782623291016
    },
    "layers.1.self_attn.v_proj.weight": {
        "size": [
            4096,
            4096
        ],
        "max_singular_value": 3.2621586322784424,
        "min_singular_value_90": 0.2626846134662628,
        "sum_singular_values_90": 1778.143994629383,
        "num_rank_90": 2488,
        "rank90_ratio": 0.607421875,
        "reconstruction_error": 23.797765731811523
    },
    "layers.1.self_attn.o_proj.weight": {
        "size": [
            4096,
            4096
        ],
        "max_singular_value": 3.8697502613067627,
        "min_singular_value_90": 0.20421555638313293,
        "sum_singular_values_90": 1425.890010908246,
        "num_rank_90": 2382,
        "rank90_ratio": 0.58154296875,
        "reconstruction_error": 19.4288330078125
    },
    "layers.1.mlp.gate_proj.weight": {
        "size": [
            11008,
            4096
        ],
        "max_singular_value": 14.161615371704102,
        "min_singular_value_90": 0.8709847927093506,
        "sum_singular_values_90": 5903.71487724781,
        "num_rank_90": 3101,
        "rank90_ratio": 0.757080078125,
        "reconstruction_error": 69.2411117553711
    },
    "layers.1.mlp.up_proj.weight": {
        "size": [
            11008,
            4096
        ],
        "max_singular_value": 7.377152442932129,
        "min_singular_value_90": 0.912695050239563,
        "sum_singular_values_90": 5912.912913620472,
        "num_rank_90": 3153,
        "rank90_ratio": 0.769775390625,
        "reconstruction_error": 73.50800323486328
    },
    "layers.1.mlp.down_proj.weight": {
        "size": [
            4096,
            11008
        ],
        "max_singular_value": 6.6577558517456055,
        "min_singular_value_90": 1.0922648906707764,
        "sum_singular_values_90": 6303.551486253738,
        "num_rank_90": 3314,
        "rank90_ratio": 0.80908203125,
        "reconstruction_error": 83.18903350830078
    },
    "layers.2.self_attn.q_proj.weight": {
        "size": [
            4096,
            4096
        ],
        "max_singular_value": 16.22217559814453,
        "min_singular_value_90": 0.5926586389541626,
        "sum_singular_values_90": 3962.0174462795258,
        "num_rank_90": 2020,
        "rank90_ratio": 0.4931640625,
        "reconstruction_error": 48.09513473510742
    },
    "layers.2.self_attn.k_proj.weight": {
        "size": [
            4096,
            4096
        ],
        "max_singular_value": 19.205533981323242,
        "min_singular_value_90": 0.6198139786720276,
        "sum_singular_values_90": 4115.950273871422,
        "num_rank_90": 1974,
        "rank90_ratio": 0.48193359375,
        "reconstruction_error": 49.31596374511719
    },
    "layers.2.self_attn.v_proj.weight": {
        "size": [
            4096,
            4096
        ],
        "max_singular_value": 3.535521984100342,
        "min_singular_value_90": 0.42296355962753296,
        "sum_singular_values_90": 2703.32692655921,
        "num_rank_90": 2631,
        "rank90_ratio": 0.642333984375,
        "reconstruction_error": 38.1359748840332
    },
    "layers.2.self_attn.o_proj.weight": {
        "size": [
            4096,
            4096
        ],
        "max_singular_value": 6.020191192626953,
        "min_singular_value_90": 0.4294438362121582,
        "sum_singular_values_90": 2680.6531244516373,
        "num_rank_90": 2668,
        "rank90_ratio": 0.6513671875,
        "reconstruction_error": 38.976192474365234
    },
    "layers.2.mlp.gate_proj.weight": {
        "size": [
            11008,
            4096
        ],
        "max_singular_value": 10.619844436645508,
        "min_singular_value_90": 1.027937650680542,
        "sum_singular_values_90": 6396.1416845321655,
        "num_rank_90": 3225,
        "rank90_ratio": 0.787353515625,
        "reconstruction_error": 78.8470230102539
    },
    "layers.2.mlp.up_proj.weight": {
        "size": [
            11008,
            4096
        ],
        "max_singular_value": 4.5440192222595215,
        "min_singular_value_90": 1.0212974548339844,
        "sum_singular_values_90": 6189.338461995125,
        "num_rank_90": 3248,
        "rank90_ratio": 0.79296875,
        "reconstruction_error": 79.04479217529297
    },
    "layers.2.mlp.down_proj.weight": {
        "size": [
            4096,
            11008
        ],
        "max_singular_value": 5.673450469970703,
        "min_singular_value_90": 1.1285593509674072,
        "sum_singular_values_90": 6397.645644783974,