{
    "layers.4.self_attn.q_proj.weight": {
        "size": [
            4096,
            4096
        ],
        "max_singular_value": 13.791117668151855,
        "min_singular_value_90": 0.6507914662361145,
        "sum_singular_values_90": 4376.036479473114,
        "num_rank_90": 2363,
        "rank90_ratio": 0.576904296875,
        "reconstruction_error": 56.86812210083008
    },
    "layers.4.self_attn.k_proj.weight": {
        "size": [
            4096,
            4096
        ],
        "max_singular_value": 15.754392623901367,
        "min_singular_value_90": 0.6752399206161499,
        "sum_singular_values_90": 4506.361938357353,
        "num_rank_90": 2355,
        "rank90_ratio": 0.574951171875,
        "reconstruction_error": 59.18154525756836
    },
    "layers.4.self_attn.v_proj.weight": {
        "size": [
            4096,
            4096
        ],
        "max_singular_value": 3.1027112007141113,
        "min_singular_value_90": 0.4382186233997345,
        "sum_singular_values_90": 2751.494895040989,
        "num_rank_90": 2666,
        "rank90_ratio": 0.65087890625,
        "reconstruction_error": 39.34593200683594
    },
    "layers.4.self_attn.o_proj.weight": {
        "size": [
            4096,
            4096
        ],
        "max_singular_value": 5.823876857757568,
        "min_singular_value_90": 0.4306265711784363,
        "sum_singular_values_90": 2694.927353978157,
        "num_rank_90": 2664,
        "rank90_ratio": 0.650390625,
        "reconstruction_error": 38.79938888549805
    },
    "layers.4.mlp.gate_proj.weight": {
        "size": [
            11008,
            4096
        ],
        "max_singular_value": 10.921271324157715,
        "min_singular_value_90": 1.175392985343933,
        "sum_singular_values_90": 6904.282487154007,
        "num_rank_90": 3295,
        "rank90_ratio": 0.804443359375,
        "reconstruction_error": 89.04051208496094
    },
    "layers.4.mlp.up_proj.weight": {
        "size": [
            11008,
            4096
        ],
        "max_singular_value": 4.294732570648193,
        "min_singular_value_90": 1.1061162948608398,
        "sum_singular_values_90": 6344.329034924507,
        "num_rank_90": 3316,
        "rank90_ratio": 0.8095703125,
        "reconstruction_error": 83.8380126953125
    },
    "layers.4.mlp.down_proj.weight": {
        "size": [
            4096,
            11008
        ],
        "max_singular_value": 6.287213325500488,
        "min_singular_value_90": 1.060730218887329,
        "sum_singular_values_90": 6232.783088922501,
        "num_rank_90": 3287,
        "rank90_ratio": 0.802490234375,
        "reconstruction_error": 80.50852966308594
    },
    "layers.5.self_attn.q_proj.weight": {
        "size": [
            4096,
            4096
        ],
        "max_singular_value": 13.73753833770752,
        "min_singular_value_90": 0.6603483557701111,
        "sum_singular_values_90": 4448.885543227196,
        "num_rank_90": 2396,
        "rank90_ratio": 0.5849609375,
        "reconstruction_error": 58.07669448852539
    },
    "layers.5.self_attn.k_proj.weight": {
        "size": [
            4096,
            4096
        ],
        "max_singular_value": 16.54254913330078,
        "min_singular_value_90": 0.6904610395431519,
        "sum_singular_values_90": 4643.638350844383,
        "num_rank_90": 2385,
        "rank90_ratio": 0.582275390625,
        "reconstruction_error": 60.882843017578125
    },
    "layers.5.self_attn.v_proj.weight": {
        "size": [
            4096,
            4096
        ],
        "max_singular_value": 2.997070550918579,
        "min_singular_value_90": 0.45011213421821594,
        "sum_singular_values_90": 2821.9765707552433,
        "num_rank_90": 2649,
        "rank90_ratio": 0.646728515625,
        "reconstruction_error": 40.57480239868164
    },
    "layers.5.self_attn.o_proj.weight": {
        "size": [
            4096,
            4096
        ],
        "max_singular_value": 5.656042575836182,
        "min_singular_value_90": 0.4363119602203369,
        "sum_singular_values_90": 2745.384022295475,
        "num_rank_90": 2638,
        "rank90_ratio": 0.64404296875,
        "reconstruction_error": 39.432586669921875
    },
    "layers.5.mlp.gate_proj.weight": {
        "size": [
            11008,
            4096
        ],
        "max_singular_value": 12.341318130493164,
        "min_singular_value_90": 1.1666975021362305,
        "sum_singular_values_90": 6904.097371220589,
        "num_rank_90": 3288,
        "rank90_ratio": 0.802734375,
        "reconstruction_error": 88.51722717285156
    },
    "layers.5.mlp.up_proj.weight": {
        "size": [
            11008,
            4096
        ],
        "max_singular_value": 4.456430435180664,
        "min_singular_value_90": 1.1018445491790771,
        "sum_singular_values_90": 6337.246297121048,
        "num_rank_90": 3315,
        "rank90_ratio": 0.809326171875,
        "reconstruction_error": 83.60577392578125
    },
    "layers.5.mlp.down_proj.weight": {
        "size": [
            4096,
            11008
        ],
        "max_singular_value": 6.4390716552734375,
        "min_singular_value_90": 1.0485553741455078,
        "sum_singular_values_90": 6218.337068915367,
        "num_rank_90": 3271,
        "rank90_ratio": 0.798583984375,
        "reconstruction_error": 80.05879974365234
    },
    "layers.6.self_attn.q_proj.weight": {
        "size": [
            4096,
            4096
        ],
        "max_singular_value": 12.298480987548828,
        "min_singular_value_90": 0.6000972986221313,
        "sum_singular_values_90": 4138.914012610912,
        "num_rank_90": 2412,
        "rank90_ratio": 0.5888671875,
        "reconstruction_error": 52.851078033447266
    },
    "layers.6.self_attn.k_proj.weight": {
        "size": [
            4096,
            4096
        ],
        "max_singular_value": 14.572868347167969,
        "min_singular_value_90": 0.6222946047782898,
        "sum_singular_values_90": 4267.7789732813835,
        "num_rank_90": 2417,
        "rank90_ratio": 0.590087890625,
        "reconstruction_error": 55.085697174072266
    },
    "layers.6.self_attn.v_proj.weight": {
        "size": [
            4096,
            4096
        ],
        "max_singular_value": 3.002666711807251,
        "min_singular_value_90": 0.4061991274356842,
        "sum_singular_values_90": 2586.944190323353,
        "num_rank_90": 2633,
        "rank90_ratio": 0.642822265625,
        "reconstruction_error": 36.6983642578125
    },
    "layers.6.self_attn.o_proj.weight": {
        "size": [
            4096,
            4096
        ],
        "max_singular_value": 5.766997814178467,
        "min_singular_value_90": 0.39294639229774475,
        "sum_singular_values_90": 2524.172611773014,
        "num_rank_90": 2611,
        "rank90_ratio": 0.637451171875,
        "reconstruction_error": 35.69392013549805
    },
    "layers.6.mlp.gate_proj.weight": {
        "size": [
            11008,
            4096
        ],
        "max_singular_value": 13.935811996459961,
        "min_singular_value_90": 1.1731115579605103,
        "sum_singular_values_90": 6988.685721993446,
        "num_rank_90": 3278,
        "rank90_ratio": 0.80029296875,
        "reconstruction_error": 89.17793273925781
    },
    "layers.6.mlp.up_proj.weight": {
        "size": [
            11008,
            4096
        ],
        "max_singular_value": 4.7411274909973145,
        "min_singular_value_90": 1.0961962938308716,
        "sum_singular_values_90": 6308.552937507629,
        "num_rank_90": 3309,
        "rank90_ratio": 0.807861328125,
        "reconstruction_error": 83.21460723876953
    },
    "layers.6.mlp.down_proj.weight": {
        "size": [
            4096,
            11008
        ],
        "max_singular_value": 6.293182373046875,
        "min_singular_value_90": 1.0342214107513428,
        "sum_singular_values_90": 6168.104550480843,